source_dataset,passenger_id,pclass,survived,name,sex,age,family_size,fare,embarked,survived_label
Dataset 1,1,3,0,Mr. Anthony,male,42.0,0.0,7.55,,Did Not Survive
Dataset 1,2,3,0,Master. Eugene Joseph,male,,2.0,20.25,S,Did Not Survive
Dataset 1,3,2,0,"Abbott, Mr. Rossmore Edward",,,2.0,,S,Did Not Survive
Dataset 1,4,3,1,"Abbott, Mr. Rossmore Edward",female,35.0,2.0,20.25,S,Survived
Dataset 1,5,3,1,"Abelseth, Miss. Karen Marie",female,16.0,0.0,7.65,S,Survived
Dataset 1,6,3,1,"Abelseth, Mr. Olaus Jorgensen",male,25.0,0.0,7.65,S,Survived
Dataset 1,7,2,0,"Abelson, Mr. Samuel",male,30.0,1.0,24.0,C,Did Not Survive
Dataset 1,8,2,1,"Abelson, Mrs. Samuel (Hannah Wizosky)",female,28.0,1.0,24.0,C,Survived
Dataset 1,9,3,1,"Abrahamsson, Mr. Abraham August Johannes",male,20.0,0.0,7.925,S,Survived
Dataset 1,10,3,1,"Abrahim, Mrs. Joseph (Sophie Halaut Easu)",female,18.0,0.0,7.2292,C,Survived
Dataset 1,11,3,0,"Adahl, Mr. Mauritz Nils Martin",male,30.0,0.0,7.25,S,Did Not Survive
Dataset 1,12,3,0,"Adams, Mr. John",male,26.0,0.0,8.05,S,Did Not Survive
Dataset 1,13,3,0,"Ahlin, Mrs. Johan (Johanna Persdotter Larsson)",female,40.0,1.0,9.475,S,Did Not Survive
Dataset 1,14,3,1,"Aks, Master. Philip Frank",male,0.83,1.0,9.35,S,Survived
Dataset 1,15,3,1,"Aks, Mrs. Sam (Leah Rosen)",female,18.0,1.0,9.35,S,Survived
Dataset 1,16,3,1,"Albimona, Mr. Nassef Cassem",male,26.0,0.0,18.7875,C,Survived
Dataset 1,17,2,0,"Aldworth, Mr. Charles Augustus",male,30.0,0.0,13.0,S,Did Not Survive
Dataset 1,18,3,0,"Alexander, Mr. William",male,26.0,0.0,7.8875,S,Did Not Survive
Dataset 1,19,3,0,"Alhomaki, Mr. Ilmari Rudolf",male,20.0,0.0,7.925,S,Did Not Survive
Dataset 1,20,3,0,"Ali, Mr. Ahmed",male,24.0,0.0,7.05,S,Did Not Survive
Dataset 1,21,3,0,"Ali, Mr. William",male,25.0,0.0,7.05,S,Did Not Survive
Dataset 1,22,1,1,"Allen, Miss. Elisabeth Walton",female,29.0,0.0,211.3375,S,Survived
Dataset 1,23,3,0,"Allen, Mr. William Henry",male,35.0,0.0,8.05,S,Did Not Survive
Dataset 1,24,1,1,"Allison, Master. Hudson Trevor",male,0.92,3.0,151.55,S,Survived
Dataset 1,25,1,0,"Allison, Miss. Helen Loraine",female,2.0,3.0,151.55,S,Did Not Survive
Dataset 1,26,1,0,"Allison, Mr. Hudson Joshua Creighton",male,30.0,3.0,151.55,S,Did Not Survive
Dataset 1,27,1,0,"Allison, Mrs. Hudson J C (Bessie Waldo Daniels)",female,25.0,3.0,151.55,S,Did Not Survive
Dataset 1,28,3,0,"Allum, Mr. Owen George",male,18.0,0.0,8.3,S,Did Not Survive
Dataset 1,29,3,0,"Andersen, Mr. Albert Karvin",male,32.0,0.0,22.525,S,Did Not Survive
Dataset 1,30,3,1,"Andersen-Jensen, Miss. Carla Christine Nielsine",female,19.0,1.0,7.8542,S,Survived
Dataset 1,31,1,1,"Anderson, Mr. Harry",male,48.0,0.0,26.55,S,Survived
Dataset 1,32,3,0,"Andersson, Master. Sigvard Harald Elias",male,4.0,6.0,31.275,S,Did Not Survive
Dataset 1,33,3,0,"Andersson, Miss. Ebba Iris Alfrida",female,6.0,6.0,31.275,S,Did Not Survive
Dataset 1,34,3,0,"Andersson, Miss. Ellis Anna Maria",female,2.0,6.0,31.275,S,Did Not Survive
Dataset 1,35,3,1,"Andersson, Miss. Erna Alexandra",female,17.0,6.0,7.925,S,Survived
Dataset 1,36,3,0,"Andersson, Miss. Ida Augusta Margareta",female,38.0,6.0,7.775,S,Did Not Survive
Dataset 1,37,3,0,"Andersson, Miss. Ingeborg Constanzia",female,9.0,6.0,31.275,S,Did Not Survive
Dataset 1,38,3,0,"Andersson, Miss. Sigrid Elisabeth",female,11.0,6.0,31.275,S,Did Not Survive
Dataset 1,39,3,0,"Andersson, Mr. Anders Johan",male,39.0,6.0,31.275,S,Did Not Survive
Dataset 1,40,3,1,"Andersson, Mr. August Edvard (""Wennerstrom"")",male,27.0,0.0,7.7958,S,Survived
Dataset 1,41,3,0,"Andersson, Mr. Johan Samuel",male,26.0,0.0,7.775,S,Did Not Survive
Dataset 1,42,3,0,"Andersson, Mrs. Anders Johan (Alfrida Konstantia Brogren)",female,39.0,6.0,31.275,S,Did Not Survive
Dataset 1,43,3,0,"Andreasson, Mr. Paul Edvin",male,20.0,0.0,7.8542,S,Did Not Survive
Dataset 1,44,2,0,"Andrew, Mr. Edgardo Samuel",male,18.0,0.0,11.5,S,Did Not Survive
Dataset 1,45,2,0,"Andrew, Mr. Frank Thomas",male,25.0,0.0,10.5,S,Did Not Survive
Dataset 1,46,1,1,"Andrews, Miss. Kornelia Theodosia",female,63.0,1.0,77.9583,S,Survived
Dataset 1,47,1,0,"Andrews, Mr. Thomas Jr",male,39.0,0.0,0.0,S,Did Not Survive
Dataset 1,48,3,0,"Angheloff, Mr. Minko",male,26.0,0.0,7.8958,S,Did Not Survive
Dataset 1,49,2,0,"Angle, Mr. William A",male,34.0,1.0,26.0,S,Did Not Survive
Dataset 1,50,2,1,"Angle, Mrs. William A (Florence ""Mary"" Agnes Hughes)",female,36.0,1.0,26.0,S,Survived
Dataset 1,51,1,1,"Appleton, Mrs. Edward Dale (Charlotte Lamson)",female,53.0,2.0,51.4792,S,Survived
Dataset 1,52,3,0,"Arnold-Franchi, Mr. Josef",male,25.0,1.0,17.8,S,Did Not Survive
Dataset 1,53,3,0,"Arnold-Franchi, Mrs. Josef (Josefine Franchi)",female,18.0,1.0,17.8,S,Did Not Survive
Dataset 1,54,3,0,"Aronsson, Mr. Ernst Axel Algot",male,24.0,0.0,7.775,S,Did Not Survive
Dataset 1,55,1,0,"Artagaveytia, Mr. Ramon",male,71.0,0.0,49.5042,C,Did Not Survive
Dataset 1,56,2,0,"Ashby, Mr. John",male,57.0,0.0,13.0,S,Did Not Survive
Dataset 1,57,3,0,"Asim, Mr. Adola",male,35.0,0.0,7.05,S,Did Not Survive
Dataset 1,58,3,0,"Asplund, Master. Carl Edgar",male,5.0,6.0,31.3875,S,Did Not Survive
Dataset 1,59,3,0,"Asplund, Master. Clarence Gustaf Hugo",male,9.0,6.0,31.3875,S,Did Not Survive
Dataset 1,60,3,1,"Asplund, Master. Edvin Rojj Felix",male,3.0,6.0,31.3875,S,Survived
Dataset 1,61,3,0,"Asplund, Master. Filip Oscar",male,13.0,6.0,31.3875,S,Did Not Survive
Dataset 1,62,3,1,"Asplund, Miss. Lillian Gertrud",female,5.0,6.0,31.3875,S,Survived
Dataset 1,63,3,0,"Asplund, Mr. Carl Oscar Vilhelm Gustafsson",male,40.0,6.0,31.3875,S,Did Not Survive
Dataset 1,64,3,1,"Asplund, Mr. Johan Charles",male,23.0,0.0,7.7958,S,Survived
Dataset 1,65,3,1,"Asplund, Mrs. Carl Oscar (Selma Augusta Emilia Johansson)",female,38.0,6.0,31.3875,S,Survived
Dataset 1,66,3,1,"Assaf Khalil, Mrs. Mariana (""Miriam"")",female,45.0,0.0,7.225,C,Survived
Dataset 1,67,3,0,"Assaf, Mr. Gerios",male,21.0,0.0,7.225,C,Did Not Survive
Dataset 1,68,3,0,"Assam, Mr. Ali",male,23.0,0.0,7.05,S,Did Not Survive
Dataset 1,69,1,0,"Astor, Col. John Jacob",male,47.0,1.0,227.525,C,Did Not Survive
Dataset 1,70,1,1,"Astor, Mrs. John Jacob (Madeleine Talmadge Force)",female,18.0,1.0,227.525,C,Survived
Dataset 1,71,3,0,"Attalah, Miss. Malake",female,17.0,0.0,14.4583,C,Did Not Survive
Dataset 1,72,3,0,"Attalah, Mr. Sleiman",male,30.0,0.0,7.225,C,Did Not Survive
Dataset 1,73,1,1,"Aubart, Mme. Leontine Pauline",female,24.0,0.0,69.3,C,Survived
Dataset 1,74,3,0,"Augustsson, Mr. Albert",male,23.0,0.0,7.8542,S,Did Not Survive
Dataset 1,75,3,1,"Ayoub, Miss. Banoura",female,13.0,0.0,7.2292,C,Survived
Dataset 1,76,3,0,"Baccos, Mr. Raffull",male,20.0,0.0,7.225,C,Did Not Survive
Dataset 1,77,3,0,"Backstrom, Mr. Karl Alfred",male,32.0,1.0,15.85,S,Did Not Survive
Dataset 1,78,3,1,"Backstrom, Mrs. Karl Alfred (Maria Mathilda Gustafsson)",female,33.0,3.0,15.85,S,Survived
Dataset 1,79,3,1,"Baclini, Miss. Eugenie",female,0.75,3.0,19.2583,C,Survived
Dataset 1,80,3,1,"Baclini, Miss. Helene Barbara",female,0.75,3.0,19.2583,C,Survived
Dataset 1,81,3,1,"Baclini, Miss. Marie Catherine",female,5.0,3.0,19.2583,C,Survived
Dataset 1,82,3,1,"Baclini, Mrs. Solomon (Latifa Qurban)",female,24.0,3.0,19.2583,C,Survived
Dataset 1,83,3,1,"Badman, Miss. Emily Louisa",female,18.0,0.0,8.05,S,Survived
Dataset 1,84,3,0,"Badt, Mr. Mohamed",male,40.0,0.0,7.225,C,Did Not Survive
Dataset 1,85,2,0,"Bailey, Mr. Percy Andrew",male,18.0,0.0,11.5,S,Did Not Survive
Dataset 1,86,2,0,"Baimbrigge, Mr. Charles Robert",male,23.0,0.0,10.5,S,Did Not Survive
Dataset 1,87,3,0,"Balkic, Mr. Cerin",male,26.0,0.0,7.8958,S,Did Not Survive
Dataset 1,88,2,1,"Ball, Mrs. (Ada E Hall)",female,36.0,0.0,13.0,S,Survived
Dataset 1,89,2,0,"Banfield, Mr. Frederick James",male,28.0,0.0,10.5,S,Did Not Survive
Dataset 1,90,3,1,"Barah, Mr. Hanna Assi",male,20.0,0.0,7.2292,C,Survived
Dataset 1,91,3,0,"Barbara, Miss. Saiide",female,18.0,1.0,14.4542,C,Did Not Survive
Dataset 1,92,3,0,"Barbara, Mrs. (Catherine David)",female,45.0,1.0,14.4542,C,Did Not Survive
Dataset 1,93,1,1,"Barber, Miss. Ellen ""Nellie""",female,26.0,0.0,78.85,S,Survived
Dataset 1,94,1,1,"Barkworth, Mr. Algernon Henry Wilson",male,80.0,0.0,30.0,S,Survived
Dataset 1,95,3,0,"Barry, Miss. Julia",female,27.0,0.0,7.8792,Q,Did Not Survive
Dataset 1,96,3,0,"Barton, Mr. David John",male,22.0,0.0,8.05,S,Did Not Survive
Dataset 1,97,2,0,"Bateman, Rev. Robert James",male,51.0,0.0,12.525,S,Did Not Survive
Dataset 1,98,1,0,"Baumann, Mr. John D",male,,0.0,25.925,S,Did Not Survive
Dataset 1,99,1,0,"Baxter, Mr. Quigg Edmond",male,24.0,1.0,247.5208,C,Did Not Survive
Dataset 1,100,1,1,"Baxter, Mrs. James (Helene DeLaudeniere Chaput)",female,50.0,1.0,247.5208,C,Survived
Dataset 1,101,1,1,"Bazzani, Miss. Albina",female,32.0,0.0,76.2917,C,Survived
Dataset 1,102,2,1,"Beane, Mr. Edward",male,32.0,1.0,26.0,S,Survived
Dataset 1,103,2,1,"Beane, Mrs. Edward (Ethel Clarke)",female,19.0,1.0,26.0,S,Survived
Dataset 1,104,1,0,"Beattie, Mr. Thomson",male,36.0,0.0,75.2417,C,Did Not Survive
Dataset 1,105,2,0,"Beauchamp, Mr. Henry James",male,28.0,0.0,26.0,S,Did Not Survive
Dataset 1,106,3,0,"Beavan, Mr. William Thomas",male,19.0,0.0,8.05,S,Did Not Survive
Dataset 1,107,2,1,"Becker, Master. Richard F",male,1.0,3.0,39.0,S,Survived
Dataset 1,108,2,1,"Becker, Miss. Marion Louise",female,4.0,3.0,39.0,S,Survived
Dataset 1,109,2,1,"Becker, Miss. Ruth Elizabeth",female,12.0,3.0,39.0,S,Survived
Dataset 1,110,2,1,"Becker, Mrs. Allen Oliver (Nellie E Baumgardner)",female,36.0,3.0,39.0,S,Survived
Dataset 1,111,1,1,"Beckwith, Mr. Richard Leonard",male,37.0,2.0,52.5542,S,Survived
Dataset 1,112,1,1,"Beckwith, Mrs. Richard Leonard (Sallie Monypeny)",female,47.0,2.0,52.5542,S,Survived
Dataset 1,113,2,1,"Beesley, Mr. Lawrence",male,34.0,0.0,13.0,S,Survived
Dataset 1,114,1,1,"Behr, Mr. Karl Howell",male,26.0,0.0,30.0,C,Survived
Dataset 1,115,3,0,"Bengtsson, Mr. John Viktor",male,26.0,0.0,7.775,S,Did Not Survive
Dataset 1,116,2,1,"Bentham, Miss. Lilian W",female,19.0,0.0,13.0,S,Survived
Dataset 1,117,3,0,"Berglund, Mr. Karl Ivar Sven",male,22.0,0.0,9.35,S,Did Not Survive
Dataset 1,118,2,0,"Berriman, Mr. William John",male,23.0,0.0,13.0,S,Did Not Survive
Dataset 1,119,3,0,"Betros, Master. Seman",male,,0.0,7.2292,C,Did Not Survive
Dataset 1,120,3,0,"Betros, Mr. Tannous",male,20.0,0.0,4.0125,C,Did Not Survive
Dataset 1,121,1,1,"Bidois, Miss. Rosalie",female,42.0,0.0,227.525,C,Survived
Dataset 1,122,3,1,"Bing, Mr. Lee",male,32.0,0.0,56.4958,S,Survived
Dataset 1,123,1,1,"Bird, Miss. Ellen",female,29.0,0.0,221.7792,S,Survived
Dataset 1,124,3,0,"Birkeland, Mr. Hans Martin Monsen",male,21.0,0.0,7.775,S,Did Not Survive
Dataset 1,125,1,0,"Birnbaum, Mr. Jakob",male,25.0,0.0,26.0,C,Did Not Survive
Dataset 1,126,1,1,"Bishop, Mr. Dickinson H",male,25.0,1.0,91.0792,C,Survived
Dataset 1,127,1,1,"Bishop, Mrs. Dickinson H (Helen Walton)",female,19.0,1.0,91.0792,C,Survived
Dataset 1,128,1,1,"Bissette, Miss. Amelia",female,35.0,0.0,135.6333,S,Survived
Dataset 1,129,3,0,"Bjorklund, Mr. Ernst Herbert",male,18.0,0.0,7.75,S,Did Not Survive
Dataset 1,130,1,1,"Bjornstrom-Steffansson, Mr. Mauritz Hakan",male,28.0,0.0,26.55,S,Survived
Dataset 1,131,1,0,"Blackwell, Mr. Stephen Weart",male,45.0,0.0,35.5,S,Did Not Survive
Dataset 1,132,1,1,"Blank, Mr. Henry",male,40.0,0.0,31.0,C,Survived
Dataset 1,133,1,1,"Bonnell, Miss. Caroline",female,30.0,0.0,164.8667,S,Survived
Dataset 1,134,1,1,"Bonnell, Miss. Elizabeth",female,58.0,0.0,26.55,S,Survived
Dataset 1,135,1,0,"Borebank, Mr. John James",male,42.0,0.0,26.55,S,Did Not Survive
Dataset 1,136,3,0,"Bostandyeff, Mr. Guentcho",male,26.0,0.0,7.8958,S,Did Not Survive
Dataset 1,137,2,0,"Botsford, Mr. William Hull",male,26.0,0.0,13.0,S,Did Not Survive
Dataset 1,138,3,0,"Boulos, Master. Akar",male,6.0,2.0,15.2458,C,Did Not Survive
Dataset 1,139,3,0,"Boulos, Miss. Nourelain",female,9.0,2.0,15.2458,C,Did Not Survive
Dataset 1,140,3,0,"Boulos, Mr. Hanna",male,,0.0,7.225,C,Did Not Survive
Dataset 1,141,3,0,"Boulos, Mrs. Joseph (Sultana)",female,,2.0,15.2458,C,Did Not Survive
Dataset 1,142,3,0,"Bourke, Miss. Mary",female,,2.0,7.75,Q,Did Not Survive
Dataset 1,143,3,0,"Bourke, Mr. John",male,40.0,2.0,15.5,Q,Did Not Survive
Dataset 1,144,3,0,"Bourke, Mrs. John (Catherine)",female,32.0,2.0,15.5,Q,Did Not Survive
Dataset 1,145,1,1,"Bowen, Miss. Grace Scott",female,45.0,0.0,262.375,C,Survived
Dataset 1,146,3,0,"Bowen, Mr. David John ""Dai""",male,21.0,0.0,16.1,S,Did Not Survive
Dataset 1,147,2,0,"Bowenur, Mr. Solomon",male,42.0,0.0,13.0,S,Did Not Survive
Dataset 1,148,1,1,"Bowerman, Miss. Elsie Edith",female,22.0,1.0,55.0,S,Survived
Dataset 1,149,2,0,"Bracken, Mr. James H",male,27.0,0.0,13.0,S,Did Not Survive
Dataset 1,150,3,1,"Bradley, Miss. Bridget Delia",female,22.0,0.0,7.725,Q,Survived
Dataset 1,151,1,1,"Bradley, Mr. George (""George Arthur Brayton"")",male,,0.0,26.55,S,Survived
Dataset 1,152,1,0,"Brady, Mr. John Bertram",male,41.0,0.0,30.5,S,Did Not Survive
Dataset 1,153,3,0,"Braf, Miss. Elin Ester Maria",female,20.0,0.0,7.8542,S,Did Not Survive
Dataset 1,154,1,0,"Brandeis, Mr. Emil",male,48.0,0.0,50.4958,C,Did Not Survive
Dataset 1,155,3,0,"Braund, Mr. Lewis Richard",male,29.0,1.0,7.0458,S,Did Not Survive
Dataset 1,156,3,0,"Braund, Mr. Owen Harris",male,22.0,1.0,7.25,S,Did Not Survive
Dataset 1,157,1,0,"Brewe, Dr. Arthur Jackson",male,,0.0,39.6,C,Did Not Survive
Dataset 1,158,3,0,"Brobeck, Mr. Karl Rudolf",male,22.0,0.0,7.7958,S,Did Not Survive
Dataset 1,159,3,0,"Brocklebank, Mr. William Alfred",male,35.0,0.0,8.05,S,Did Not Survive
Dataset 1,160,2,1,"Brown, Miss. Amelia ""Mildred""",female,24.0,0.0,13.0,S,Survived
Dataset 1,161,2,1,"Brown, Miss. Edith Eileen",female,15.0,2.0,39.0,S,Survived
Dataset 1,162,2,0,"Brown, Mr. Thomas William Solomon",male,60.0,2.0,39.0,S,Did Not Survive
Dataset 1,163,1,1,"Brown, Mrs. James Joseph (Margaret Tobin)",female,44.0,0.0,27.7208,C,Survived
Dataset 1,164,1,1,"Brown, Mrs. John Murray (Caroline Lane Lamson)",female,59.0,2.0,51.4792,S,Survived
Dataset 1,165,2,1,"Brown, Mrs. Thomas William Solomon (Elizabeth Catherine Ford)",female,40.0,2.0,39.0,S,Survived
Dataset 1,166,2,1,"Bryhl, Miss. Dagmar Jenny Ingeborg",female,20.0,1.0,26.0,S,Survived
Dataset 1,167,2,0,"Bryhl, Mr. Kurt Arnold Gottfrid",male,25.0,1.0,26.0,S,Did Not Survive
Dataset 1,168,3,0,"Buckley, Miss. Katherine",female,18.5,0.0,7.2833,Q,Did Not Survive
Dataset 1,169,3,1,"Buckley, Mr. Daniel",male,21.0,0.0,7.8208,Q,Survived
Dataset 1,170,1,1,"Bucknell, Mrs. William Robert (Emma Eliza Ward)",female,60.0,0.0,76.2917,C,Survived
Dataset 1,171,3,0,"Burke, Mr. Jeremiah",male,19.0,0.0,6.75,Q,Did Not Survive
Dataset 1,172,1,1,"Burns, Miss. Elizabeth Margaret",female,41.0,0.0,134.5,C,Survived
Dataset 1,173,3,0,"Burns, Miss. Mary Delia",female,18.0,0.0,7.8792,Q,Did Not Survive
Dataset 1,174,2,1,"Buss, Miss. Kate",female,36.0,0.0,13.0,S,Survived
Dataset 1,175,2,0,"Butler, Mr. Reginald Fenton",male,25.0,0.0,13.0,S,Did Not Survive
Dataset 1,176,1,0,"Butt, Major. Archibald Willingham",male,45.0,0.0,26.55,S,Did Not Survive
Dataset 1,177,2,0,"Byles, Rev. Thomas Roussel Davids",male,42.0,0.0,13.0,S,Did Not Survive
Dataset 1,178,2,1,"Bystrom, Mrs. (Karolina)",female,42.0,0.0,13.0,S,Survived
Dataset 1,179,3,0,"Cacic, Miss. Manda",female,21.0,0.0,8.6625,S,Did Not Survive
Dataset 1,180,3,0,"Cacic, Miss. Marija",female,30.0,0.0,8.6625,S,Did Not Survive
Dataset 1,181,3,0,"Cacic, Mr. Jego Grga",male,18.0,0.0,8.6625,S,Did Not Survive
Dataset 1,182,3,0,"Cacic, Mr. Luka",male,38.0,0.0,8.6625,S,Did Not Survive
Dataset 1,183,1,0,"Cairns, Mr. Alexander",male,,0.0,31.0,S,Did Not Survive
Dataset 1,184,1,1,"Calderhead, Mr. Edward Pennington",male,42.0,0.0,26.2875,S,Survived
Dataset 1,185,2,1,"Caldwell, Master. Alden Gates",male,0.83,2.0,29.0,S,Survived
Dataset 1,186,2,1,"Caldwell, Mr. Albert Francis",male,26.0,2.0,29.0,S,Survived
Dataset 1,187,2,1,"Caldwell, Mrs. Albert Francis (Sylvia Mae Harbaugh)",female,22.0,2.0,29.0,S,Survived
Dataset 1,188,3,0,"Calic, Mr. Jovo",male,17.0,0.0,8.6625,S,Did Not Survive
Dataset 1,189,3,0,"Calic, Mr. Petar",male,17.0,0.0,8.6625,S,Did Not Survive
Dataset 1,190,2,1,"Cameron, Miss. Clear Annie",female,35.0,0.0,21.0,S,Survived
Dataset 1,191,2,0,"Campbell, Mr. William",male,,0.0,0.0,S,Did Not Survive
Dataset 1,192,3,0,"Canavan, Miss. Mary",female,21.0,0.0,7.75,Q,Did Not Survive
Dataset 1,193,3,0,"Canavan, Mr. Patrick",male,21.0,0.0,7.75,Q,Did Not Survive
Dataset 1,194,1,1,"Candee, Mrs. Edward (Helen Churchill Hungerford)",female,53.0,0.0,27.4458,C,Survived
Dataset 1,195,3,0,"Cann, Mr. Ernest Charles",male,21.0,0.0,8.05,S,Did Not Survive
Dataset 1,196,3,0,"Caram, Mr. Joseph",male,,1.0,14.4583,C,Did Not Survive
Dataset 1,197,3,0,"Caram, Mrs. Joseph (Maria Elias)",female,,1.0,14.4583,C,Did Not Survive
Dataset 1,198,2,0,"Carbines, Mr. William",male,19.0,0.0,13.0,S,Did Not Survive
Dataset 1,199,1,1,"Cardeza, Mr. Thomas Drake Martinez",male,36.0,1.0,512.3292,C,Survived
Dataset 1,200,1,1,"Cardeza, Mrs. James Warburton Martinez (Charlotte Wardle Drake)",female,58.0,1.0,512.3292,C,Survived
Dataset 1,201,3,0,"Carlsson, Mr. August Sigfrid",male,28.0,0.0,7.7958,S,Did Not Survive
Dataset 1,202,3,0,"Carlsson, Mr. Carl Robert",male,24.0,0.0,7.8542,S,Did Not Survive
Dataset 1,203,1,0,"Carlsson, Mr. Frans Olof",male,33.0,0.0,5.0,S,Did Not Survive
Dataset 1,204,3,1,"Carr, Miss. Helen ""Ellen""",female,16.0,0.0,7.75,Q,Survived
Dataset 1,205,3,0,"Carr, Miss. Jeannie",female,37.0,0.0,7.75,Q,Did Not Survive
Dataset 1,206,1,0,"Carrau, Mr. Francisco M",male,28.0,0.0,47.1,S,Did Not Survive
Dataset 1,207,1,0,"Carrau, Mr. Jose Pedro",male,17.0,0.0,47.1,S,Did Not Survive
Dataset 1,208,1,1,"Carter, Master. William Thornton II",male,11.0,3.0,120.0,S,Survived
Dataset 1,209,1,1,"Carter, Miss. Lucile Polk",female,14.0,3.0,120.0,S,Survived
Dataset 1,210,1,1,"Carter, Mr. William Ernest",male,36.0,3.0,120.0,S,Survived
Dataset 1,211,2,0,"Carter, Mrs. Ernest Courtenay (Lilian Hughes)",female,44.0,1.0,26.0,S,Did Not Survive
Dataset 1,212,1,1,"Carter, Mrs. William Ernest (Lucile Polk)",female,36.0,3.0,120.0,S,Survived
Dataset 1,213,2,0,"Carter, Rev. Ernest Courtenay",male,54.0,1.0,26.0,S,Did Not Survive
Dataset 1,214,3,0,"Carver, Mr. Alfred John",male,28.0,0.0,7.25,S,Did Not Survive
Dataset 1,215,1,0,"Case, Mr. Howard Brown",male,49.0,0.0,26.0,S,Did Not Survive
Dataset 1,216,1,1,"Cassebeer, Mrs. Henry Arthur Jr (Eleanor Genevieve Fosdick)",female,,0.0,27.7208,C,Survived
Dataset 1,217,1,0,"Cavendish, Mr. Tyrell William",male,36.0,1.0,78.85,S,Did Not Survive
Dataset 1,218,1,1,"Cavendish, Mrs. Tyrell William (Julia Florence Siegel)",female,76.0,1.0,78.85,S,Survived
Dataset 1,219,3,0,"Celotti, Mr. Francesco",male,24.0,0.0,8.05,S,Did Not Survive
Dataset 1,220,1,0,"Chaffee, Mr. Herbert Fuller",male,46.0,1.0,61.175,S,Did Not Survive
Dataset 1,221,1,1,"Chaffee, Mrs. Herbert Fuller (Carrie Constance Toogood)",female,47.0,1.0,61.175,S,Survived
Dataset 1,222,1,1,"Chambers, Mr. Norman Campbell",male,27.0,1.0,53.1,S,Survived
Dataset 1,223,1,1,"Chambers, Mrs. Norman Campbell (Bertha Griggs)",female,33.0,1.0,53.1,S,Survived
Dataset 1,224,2,0,"Chapman, Mr. Charles Henry",male,52.0,0.0,13.5,S,Did Not Survive
Dataset 1,225,2,0,"Chapman, Mr. John Henry",male,37.0,1.0,26.0,S,Did Not Survive
Dataset 1,226,2,0,"Chapman, Mrs. John Henry (Sara Elizabeth Lawry)",female,29.0,1.0,26.0,S,Did Not Survive
Dataset 1,227,3,0,"Charters, Mr. David",male,21.0,0.0,7.7333,Q,Did Not Survive
Dataset 1,228,1,1,"Chaudanson, Miss. Victorine",female,36.0,0.0,262.375,C,Survived
Dataset 1,229,1,1,"Cherry, Miss. Gladys",female,30.0,0.0,86.5,S,Survived
Dataset 1,230,1,1,"Chevre, Mr. Paul Romaine",male,45.0,0.0,29.7,C,Survived
Dataset 1,231,1,1,"Chibnall, Mrs. (Edith Martha Bowerman)",female,,1.0,55.0,S,Survived
Dataset 1,232,3,1,"Chip, Mr. Chang",male,32.0,0.0,56.4958,S,Survived
Dataset 1,233,1,0,"Chisholm, Mr. Roderick Robert Crispin",male,,0.0,0.0,S,Did Not Survive
Dataset 1,234,3,0,"Christmann, Mr. Emil",male,29.0,0.0,8.05,S,Did Not Survive
Dataset 1,235,2,1,"Christy, Miss. Julie Rachel",female,25.0,2.0,30.0,S,Survived
Dataset 1,236,2,1,"Christy, Mrs. (Alice Frances)",female,45.0,2.0,30.0,S,Survived
Dataset 1,237,3,0,"Chronopoulos, Mr. Apostolos",male,26.0,1.0,14.4542,C,Did Not Survive
Dataset 1,238,3,0,"Chronopoulos, Mr. Demetrios",male,18.0,1.0,14.4542,C,Did Not Survive
Dataset 1,239,1,0,"Clark, Mr. Walter Miller",male,27.0,1.0,136.7792,C,Did Not Survive
Dataset 1,240,1,1,"Clark, Mrs. Walter Miller (Virginia McDowell)",female,26.0,1.0,136.7792,C,Survived
Dataset 1,241,2,0,"Clarke, Mr. Charles Valentine",male,29.0,1.0,26.0,S,Did Not Survive
Dataset 1,242,2,1,"Clarke, Mrs. Charles V (Ada Maria Winfield)",female,28.0,1.0,26.0,S,Survived
Dataset 1,243,1,1,"Cleaver, Miss. Alice",female,22.0,0.0,151.55,S,Survived
Dataset 1,244,1,0,"Clifford, Mr. George Quincy",male,,0.0,52.0,S,Did Not Survive
Dataset 1,245,3,0,"Coelho, Mr. Domingos Fernandeo",male,20.0,0.0,7.05,S,Did Not Survive
Dataset 1,246,3,1,"Cohen, Mr. Gurshon ""Gus""",male,18.0,0.0,8.05,S,Survived
Dataset 1,247,3,0,"Colbert, Mr. Patrick",male,24.0,0.0,7.25,Q,Did Not Survive
Dataset 1,248,3,0,"Coleff, Mr. Peju",male,36.0,0.0,7.4958,S,Did Not Survive
Dataset 1,249,3,0,"Coleff, Mr. Satio",male,24.0,0.0,7.4958,S,Did Not Survive
Dataset 1,250,2,0,"Coleridge, Mr. Reginald Charles",male,29.0,0.0,10.5,S,Did Not Survive
Dataset 1,251,2,0,"Collander, Mr. Erik Gustaf",male,28.0,0.0,13.0,S,Did Not Survive
Dataset 1,252,2,1,"Collett, Mr. Sidney C Stuart",male,24.0,0.0,10.5,S,Survived
Dataset 1,253,1,0,"Colley, Mr. Edward Pomeroy",male,47.0,0.0,25.5875,S,Did Not Survive
Dataset 1,254,2,1,"Collyer, Miss. Marjorie ""Lottie""",female,8.0,2.0,26.25,S,Survived
Dataset 1,255,2,0,"Collyer, Mr. Harvey",male,31.0,2.0,26.25,S,Did Not Survive
Dataset 1,256,2,1,"Collyer, Mrs. Harvey (Charlotte Annie Tate)",female,31.0,2.0,26.25,S,Survived
Dataset 1,257,1,1,"Compton, Miss. Sara Rebecca",female,39.0,2.0,83.1583,C,Survived
Dataset 1,258,1,0,"Compton, Mr. Alexander Taylor Jr",male,37.0,2.0,83.1583,C,Did Not Survive
Dataset 1,259,1,1,"Compton, Mrs. Alexander Taylor (Mary Eliza Ingersoll)",female,64.0,2.0,83.1583,C,Survived
Dataset 1,260,3,0,"Conlon, Mr. Thomas Henry",male,31.0,0.0,7.7333,Q,Did Not Survive
Dataset 1,261,3,0,"Connaghton, Mr. Michael",male,31.0,0.0,7.75,Q,Did Not Survive
Dataset 1,262,3,1,"Connolly, Miss. Kate",female,22.0,0.0,7.75,Q,Survived
Dataset 1,263,3,0,"Connolly, Miss. Kate",female,30.0,0.0,7.6292,Q,Did Not Survive
Dataset 1,264,3,0,"Connors, Mr. Patrick",male,70.5,0.0,7.75,Q,Did Not Survive
Dataset 1,265,3,0,"Cook, Mr. Jacob",male,43.0,0.0,8.05,S,Did Not Survive
Dataset 1,266,2,1,"Cook, Mrs. (Selena Rogers)",female,22.0,0.0,10.5,S,Survived
Dataset 1,267,3,0,"Cor, Mr. Bartol",male,35.0,0.0,7.8958,S,Did Not Survive
Dataset 1,268,3,0,"Cor, Mr. Ivan",male,27.0,0.0,7.8958,S,Did Not Survive
Dataset 1,269,3,0,"Cor, Mr. Liudevit",male,19.0,0.0,7.8958,S,Did Not Survive
Dataset 1,270,2,0,"Corbett, Mrs. Walter H (Irene Colvin)",female,30.0,0.0,13.0,S,Did Not Survive
Dataset 1,271,2,0,"Corey, Mrs. Percy C (Mary Phyllis Elizabeth Miller)",female,,0.0,21.0,S,Did Not Survive
Dataset 1,272,3,0,"Corn, Mr. Harry",male,30.0,0.0,8.05,S,Did Not Survive
Dataset 1,273,1,1,"Cornell, Mrs. Robert Clifford (Malvina Helen Lamson)",female,55.0,2.0,25.7,S,Survived
Dataset 1,274,2,0,"Cotterill, Mr. Henry ""Harry""",male,21.0,0.0,11.5,S,Did Not Survive
Dataset 1,275,3,1,"Coutts, Master. Eden Leslie ""Neville""",male,9.0,2.0,15.9,S,Survived
Dataset 1,276,3,1,"Coutts, Master. William Loch ""William""",male,3.0,2.0,15.9,S,Survived
Dataset 1,277,3,1,"Coutts, Mrs. William (Winnie ""Minnie"" Treanor)",female,36.0,2.0,15.9,S,Survived
Dataset 1,278,3,0,"Coxon, Mr. Daniel",male,59.0,0.0,7.25,S,Did Not Survive
Dataset 1,279,1,0,"Crafton, Mr. John Bertram",male,,0.0,26.55,S,Did Not Survive
Dataset 1,280,3,0,"Crease, Mr. Ernest James",male,19.0,0.0,8.1583,S,Did Not Survive
Dataset 1,281,3,1,"Cribb, Miss. Laura Alice",female,17.0,1.0,16.1,S,Survived
Dataset 1,282,3,0,"Cribb, Mr. John Hatfield",male,44.0,1.0,16.1,S,Did Not Survive
Dataset 1,283,1,0,"Crosby, Capt. Edward Gifford",male,70.0,2.0,71.0,S,Did Not Survive
Dataset 1,284,1,1,"Crosby, Miss. Harriet R",female,36.0,2.0,71.0,S,Survived
Dataset 1,285,1,1,"Crosby, Mrs. Edward Gifford (Catherine Elizabeth Halstead)",female,64.0,2.0,26.55,S,Survived
Dataset 1,286,3,0,"Culumovic, Mr. Jeso",male,17.0,0.0,8.6625,S,Did Not Survive
Dataset 1,287,1,0,"Cumings, Mr. John Bradley",male,39.0,1.0,71.2833,C,Did Not Survive
Dataset 1,288,1,1,"Cumings, Mrs. John Bradley (Florence Briggs Thayer)",female,38.0,1.0,71.2833,C,Survived
Dataset 1,289,2,0,"Cunningham, Mr. Alfred Fleming",male,,0.0,0.0,S,Did Not Survive
Dataset 1,290,3,0,"Daher, Mr. Shedid",male,22.5,0.0,7.225,C,Did Not Survive
Dataset 1,291,3,1,"Dahl, Mr. Karl Edwart",male,45.0,0.0,8.05,S,Survived
Dataset 1,292,3,0,"Dahlberg, Miss. Gerda Ulrika",female,22.0,0.0,10.5167,S,Did Not Survive
Dataset 1,293,3,0,"Dakic, Mr. Branko",male,19.0,0.0,10.1708,S,Did Not Survive
Dataset 1,294,3,1,"Daly, Miss. Margaret Marcella ""Maggie""",female,30.0,0.0,6.95,Q,Survived
Dataset 1,295,3,1,"Daly, Mr. Eugene Patrick",male,29.0,0.0,7.75,Q,Survived
Dataset 1,296,1,1,"Daly, Mr. Peter Denis",male,51.0,0.0,26.55,S,Survived
Dataset 1,297,3,0,"Danbom, Master. Gilbert Sigvard Emanuel",male,,2.0,14.4,S,Did Not Survive
Dataset 1,298,3,0,"Danbom, Mr. Ernst Gilbert",male,34.0,2.0,14.4,S,Did Not Survive
Dataset 1,299,3,0,"Danbom, Mrs. Ernst Gilbert (Anna Sigrid Maria Brogren)",female,28.0,2.0,14.4,S,Did Not Survive
Dataset 1,300,1,1,"Daniel, Mr. Robert Williams",male,27.0,0.0,30.5,S,Survived
Dataset 1,301,1,1,"Daniels, Miss. Sarah",female,33.0,0.0,151.55,S,Survived
Dataset 1,302,3,0,"Danoff, Mr. Yoto",male,27.0,0.0,7.8958,S,Did Not Survive
Dataset 1,303,3,0,"Dantcheff, Mr. Ristiu",male,25.0,0.0,7.8958,S,Did Not Survive
Dataset 1,304,1,0,"Davidson, Mr. Thornton",male,31.0,1.0,52.0,S,Did Not Survive
Dataset 1,305,1,1,"Davidson, Mrs. Thornton (Orian Hays)",female,27.0,3.0,52.0,S,Survived
Dataset 1,306,2,1,"Davies, Master. John Morgan Jr",male,8.0,2.0,36.75,S,Survived
Dataset 1,307,3,0,"Davies, Mr. Alfred J",male,24.0,2.0,24.15,S,Did Not Survive
Dataset 1,308,2,0,"Davies, Mr. Charles Henry",male,18.0,0.0,73.5,S,Did Not Survive
Dataset 1,309,3,0,"Davies, Mr. Evan",male,22.0,0.0,8.05,S,Did Not Survive
Dataset 1,310,3,0,"Davies, Mr. John Samuel",male,21.0,2.0,24.15,S,Did Not Survive
Dataset 1,311,3,0,"Davies, Mr. Joseph",male,17.0,2.0,8.05,S,Did Not Survive
Dataset 1,312,2,1,"Davies, Mrs. John Morgan (Elizabeth Agnes Mary White)",female,48.0,2.0,36.75,S,Survived
Dataset 1,313,2,1,"Davis, Miss. Mary",female,28.0,0.0,13.0,S,Survived
Dataset 1,314,3,0,"Davison, Mr. Thomas Henry",male,,1.0,16.1,S,Did Not Survive
Dataset 1,315,3,1,"Davison, Mrs. Thomas Henry (Mary E Finck)",female,,1.0,16.1,S,Survived
Dataset 1,316,2,0,"de Brito, Mr. Jose Joaquim",male,32.0,0.0,13.0,S,Did Not Survive
Dataset 1,317,3,1,"de Messemaeker, Mr. Guillaume Joseph",male,36.5,1.0,17.4,S,Survived
Dataset 1,318,3,1,"de Messemaeker, Mrs. Guillaume Joseph (Emma)",female,36.0,1.0,17.4,S,Survived
Dataset 1,319,3,1,"de Mulder, Mr. Theodore",male,30.0,0.0,9.5,S,Survived
Dataset 1,320,3,0,"de Pelsmaeker, Mr. Alfons",male,16.0,0.0,9.5,S,Did Not Survive
Dataset 1,321,2,0,"Deacon, Mr. Percy William",male,17.0,0.0,73.5,S,Did Not Survive
Dataset 1,322,3,1,"Dean, Master. Bertram Vere",male,1.0,3.0,20.575,S,Survived
Dataset 1,323,3,0,"Dean, Mr. Bertram Frank",male,26.0,3.0,20.575,S,Did Not Survive
Dataset 1,324,3,1,"Dean, Mrs. Bertram (Eva Georgetta Light)",female,33.0,3.0,20.575,S,Survived
Dataset 1,325,2,0,"del Carlo, Mr. Sebastiano",male,29.0,1.0,27.7208,C,Did Not Survive
Dataset 1,326,2,1,"del Carlo, Mrs. Sebastiano (Argenia Genovesi)",female,24.0,1.0,27.7208,C,Survived
Dataset 1,327,3,0,"Delalic, Mr. Redjo",male,25.0,0.0,7.8958,S,Did Not Survive
Dataset 1,328,3,0,"Demetri, Mr. Marinko",male,,0.0,7.8958,S,Did Not Survive
Dataset 1,329,2,0,"Denbury, Mr. Herbert",male,25.0,0.0,31.5,S,Did Not Survive
Dataset 1,330,3,0,"Denkoff, Mr. Mitto",male,,0.0,7.8958,S,Did Not Survive
Dataset 1,331,3,0,"Dennis, Mr. Samuel",male,22.0,0.0,7.25,S,Did Not Survive
Dataset 1,332,3,0,"Dennis, Mr. William",male,36.0,0.0,7.25,S,Did Not Survive
Dataset 1,333,3,1,"Devaney, Miss. Margaret Delia",female,19.0,0.0,7.8792,Q,Survived
Dataset 1,334,2,0,"Dibden, Mr. William",male,18.0,0.0,73.5,S,Did Not Survive
Dataset 1,335,1,1,"Dick, Mr. Albert Adrian",male,31.0,1.0,57.0,S,Survived
Dataset 1,336,1,1,"Dick, Mrs. Albert Adrian (Vera Gillespie)",female,17.0,1.0,57.0,S,Survived
Dataset 1,337,3,0,"Dika, Mr. Mirko",male,17.0,0.0,7.8958,S,Did Not Survive
Dataset 1,338,3,0,"Dimic, Mr. Jovan",male,42.0,0.0,8.6625,S,Did Not Survive
Dataset 1,339,3,0,"Dintcheff, Mr. Valtcho",male,43.0,0.0,7.8958,S,Did Not Survive
Dataset 1,340,1,1,"Dodge, Dr. Washington",male,53.0,2.0,81.8583,S,Survived
Dataset 1,341,1,1,"Dodge, Master. Washington",male,4.0,2.0,81.8583,S,Survived
Dataset 1,342,1,1,"Dodge, Mrs. Washington (Ruth Vidaver)",female,54.0,2.0,81.8583,S,Survived
Dataset 1,343,3,0,"Doharr, Mr. Tannous",male,,0.0,7.2292,C,Did Not Survive
Dataset 1,344,2,1,"Doling, Miss. Elsie",female,18.0,1.0,23.0,S,Survived
Dataset 1,345,2,1,"Doling, Mrs. John T (Ada Julia Bone)",female,34.0,1.0,23.0,S,Survived
Dataset 1,346,3,0,"Dooley, Mr. Patrick",male,32.0,0.0,7.75,Q,Did Not Survive
Dataset 1,347,3,1,"Dorking, Mr. Edward Arthur",male,19.0,0.0,8.05,S,Survived
Dataset 1,348,1,0,"Douglas, Mr. Walter Donald",male,50.0,1.0,106.425,C,Did Not Survive
Dataset 1,349,1,1,"Douglas, Mrs. Frederick Charles (Mary Helene Baxter)",female,27.0,2.0,247.5208,C,Survived
Dataset 1,350,1,1,"Douglas, Mrs. Walter Donald (Mahala Dutton)",female,48.0,1.0,106.425,C,Survived
Dataset 1,351,3,1,"Dowdell, Miss. Elizabeth",female,30.0,0.0,12.475,S,Survived
Dataset 1,352,2,0,"Downton, Mr. William James",male,54.0,0.0,26.0,S,Did Not Survive
Dataset 1,353,3,0,"Doyle, Miss. Elizabeth",female,24.0,0.0,7.75,Q,Did Not Survive
Dataset 1,354,3,1,"Drapkin, Miss. Jennie",female,23.0,0.0,8.05,S,Survived
Dataset 1,355,3,0,"Drazenoic, Mr. Jozef",male,33.0,0.0,7.8958,C,Did Not Survive
Dataset 1,356,2,1,"Drew, Master. Marshall Brines",male,8.0,2.0,32.5,S,Survived
Dataset 1,357,2,0,"Drew, Mr. James Vivian",male,42.0,2.0,32.5,S,Did Not Survive
Dataset 1,358,2,1,"Drew, Mrs. James Vivian (Lulu Thorne Christian)",female,34.0,2.0,32.5,S,Survived
Dataset 1,359,3,0,"Duane, Mr. Frank",male,65.0,0.0,7.75,Q,Did Not Survive
Dataset 1,360,1,1,"Duff Gordon, Lady. (Lucille Christiana Sutherland) (""Mrs Morgan"")",female,48.0,1.0,39.6,C,Survived
Dataset 1,361,1,1,"Duff Gordon, Sir. Cosmo Edmund (""Mr Morgan"")",male,49.0,1.0,56.9292,C,Survived
Dataset 1,362,1,0,"Dulles, Mr. William Crothers",male,39.0,0.0,29.7,C,Did Not Survive
Dataset 1,363,3,1,"Duquemin, Mr. Joseph",male,24.0,0.0,7.55,S,Survived
Dataset 1,364,2,1,"Duran y More, Miss. Asuncion",female,27.0,1.0,13.8583,C,Survived
Dataset 1,365,2,1,"Duran y More, Miss. Florentina",female,30.0,1.0,13.8583,C,Survived
Dataset 1,366,3,0,"Dyker, Mr. Adolf Fredrik",male,23.0,1.0,13.9,S,Did Not Survive
Dataset 1,367,3,1,"Dyker, Mrs. Adolf Fredrik (Anna Elisabeth Judith Andersson)",female,22.0,1.0,13.9,S,Survived
Dataset 1,368,1,1,"Earnshaw, Mrs. Boulton (Olive Potter)",female,23.0,1.0,83.1583,C,Survived
Dataset 1,369,3,0,"Edvardsson, Mr. Gustaf Hjalmar",male,18.0,0.0,7.775,S,Did Not Survive
Dataset 1,370,2,0,"Eitemiller, Mr. George Floyd",male,23.0,0.0,13.0,S,Did Not Survive
Dataset 1,371,3,0,"Eklund, Mr. Hans Linus",male,16.0,0.0,7.775,S,Did Not Survive
Dataset 1,372,3,0,"Ekstrom, Mr. Johan",male,45.0,0.0,6.975,S,Did Not Survive
Dataset 1,373,3,0,"Elias, Mr. Dibo",male,,0.0,7.225,C,Did Not Survive
Dataset 1,374,3,0,"Elias, Mr. Joseph",male,39.0,2.0,7.2292,C,Did Not Survive
Dataset 1,375,3,0,"Elias, Mr. Joseph Jr",male,17.0,2.0,7.2292,C,Did Not Survive
Dataset 1,376,3,0,"Elias, Mr. Tannous",male,15.0,2.0,7.2292,C,Did Not Survive
Dataset 1,377,3,0,"Elsbury, Mr. William James",male,47.0,0.0,7.25,S,Did Not Survive
Dataset 1,378,3,1,"Emanuel, Miss. Virginia Ethel",female,5.0,0.0,12.475,S,Survived
Dataset 1,379,3,0,"Emir, Mr. Farred Chehab",male,,0.0,7.225,C,Did Not Survive
Dataset 1,380,2,0,"Enander, Mr. Ingvar",male,21.0,0.0,13.0,S,Did Not Survive
Dataset 1,381,1,1,"Endres, Miss. Caroline Louise",female,38.0,0.0,227.525,C,Survived
Dataset 1,382,1,1,"Eustis, Miss. Elizabeth Mussey",female,54.0,1.0,78.2667,C,Survived
Dataset 1,383,1,0,"Evans, Miss. Edith Corse",female,36.0,0.0,31.6792,C,Did Not Survive
Dataset 1,384,3,0,"Everett, Mr. Thomas James",male,40.5,0.0,15.1,S,Did Not Survive
Dataset 1,385,2,0,"Fahlstrom, Mr. Arne Jonas",male,18.0,0.0,13.0,S,Did Not Survive
Dataset 1,386,3,0,"Farrell, Mr. James",male,40.5,0.0,7.75,Q,Did Not Survive
Dataset 1,387,1,0,"Farthing, Mr. John",male,,0.0,221.7792,S,Did Not Survive
Dataset 1,388,2,0,"Faunthorpe, Mr. Harry",male,40.0,1.0,26.0,S,Did Not Survive
Dataset 1,389,2,1,"Faunthorpe, Mrs. Lizzie (Elizabeth Anne Wilkinson)",female,29.0,1.0,26.0,S,Survived
Dataset 1,390,2,0,"Fillbrook, Mr. Joseph Charles",male,18.0,0.0,10.5,S,Did Not Survive
Dataset 1,391,3,1,"Finoli, Mr. Luigi",male,,0.0,7.05,S,Survived
Dataset 1,392,3,0,"Fischer, Mr. Eberhard Thelander",male,18.0,0.0,7.7958,S,Did Not Survive
Dataset 1,393,1,1,"Flegenheim, Mrs. Alfred (Antoinette)",female,,0.0,31.6833,S,Survived
Dataset 1,394,3,0,"Fleming, Miss. Honora",female,,0.0,7.75,Q,Did Not Survive
Dataset 1,395,1,1,"Fleming, Miss. Margaret",female,,0.0,110.8833,C,Survived
Dataset 1,396,3,0,"Flynn, Mr. James",male,,0.0,7.75,Q,Did Not Survive
Dataset 1,397,3,0,"Flynn, Mr. John",male,,0.0,6.95,Q,Did Not Survive
Dataset 1,398,1,1,"Flynn, Mr. John Irwin (""Irving"")",male,36.0,0.0,26.3875,S,Survived
Dataset 1,399,3,0,"Foley, Mr. Joseph",male,26.0,0.0,7.8792,Q,Did Not Survive
Dataset 1,400,3,0,"Foley, Mr. William",male,,0.0,7.75,Q,Did Not Survive
Dataset 1,401,3,1,"Foo, Mr. Choong",male,,0.0,56.4958,S,Survived
Dataset 1,402,3,0,"Ford, Miss. Doolina Margaret ""Daisy""",female,21.0,4.0,34.375,S,Did Not Survive
Dataset 1,403,3,0,"Ford, Miss. Robina Maggie ""Ruby""",female,9.0,4.0,34.375,S,Did Not Survive
Dataset 1,404,3,0,"Ford, Mr. Arthur",male,,0.0,8.05,S,Did Not Survive
Dataset 1,405,3,0,"Ford, Mr. Edward Watson",male,18.0,4.0,34.375,S,Did Not Survive
Dataset 1,406,3,0,"Ford, Mr. William Neal",male,16.0,4.0,34.375,S,Did Not Survive
Dataset 1,407,3,0,"Ford, Mrs. Edward (Margaret Ann Watson)",female,48.0,4.0,34.375,S,Did Not Survive
Dataset 1,408,1,0,"Foreman, Mr. Benjamin Laventall",male,30.0,0.0,27.75,C,Did Not Survive
Dataset 1,409,1,1,"Fortune, Miss. Alice Elizabeth",female,24.0,5.0,263.0,S,Survived
Dataset 1,410,1,1,"Fortune, Miss. Ethel Flora",female,28.0,5.0,263.0,S,Survived
Dataset 1,411,1,1,"Fortune, Miss. Mabel Helen",female,23.0,5.0,263.0,S,Survived
Dataset 1,412,1,0,"Fortune, Mr. Charles Alexander",male,19.0,5.0,263.0,S,Did Not Survive
Dataset 1,413,1,0,"Fortune, Mr. Mark",male,64.0,5.0,263.0,S,Did Not Survive
Dataset 1,414,1,1,"Fortune, Mrs. Mark (Mary McDougald)",female,60.0,5.0,263.0,S,Survived
Dataset 1,415,3,0,"Fox, Mr. Patrick",male,,0.0,7.75,Q,Did Not Survive
Dataset 1,416,2,0,"Fox, Mr. Stanley Hubert",male,36.0,0.0,13.0,S,Did Not Survive
Dataset 1,417,1,1,"Francatelli, Miss. Laura Mabel",female,30.0,0.0,56.9292,C,Survived
Dataset 1,418,3,0,"Franklin, Mr. Charles (Charles Fardon)",male,,0.0,7.25,S,Did Not Survive
Dataset 1,419,1,0,"Franklin, Mr. Thomas Parham",male,,0.0,26.55,S,Did Not Survive
Dataset 1,420,1,1,"Frauenthal, Dr. Henry William",male,50.0,2.0,133.65,S,Survived
Dataset 1,421,1,1,"Frauenthal, Mr. Isaac Gerald",male,43.0,1.0,27.7208,C,Survived
Dataset 1,422,1,1,"Frauenthal, Mrs. Henry William (Clara Heinsheimer)",female,,1.0,133.65,S,Survived
Dataset 1,423,1,1,"Frolicher, Miss. Hedwig Margaritha",female,22.0,2.0,49.5,C,Survived
Dataset 1,424,1,1,"Frolicher-Stehli, Mr. Maxmillian",male,60.0,2.0,79.2,C,Survived
Dataset 1,425,1,1,"Frolicher-Stehli, Mrs. Maxmillian (Margaretha Emerentia Stehli)",female,48.0,2.0,79.2,C,Survived
Dataset 1,426,2,0,"Frost, Mr. Anthony Wood ""Archie""",male,,0.0,0.0,S,Did Not Survive
Dataset 1,427,1,0,"Fry, Mr. Richard",male,,0.0,0.0,S,Did Not Survive
Dataset 1,428,2,0,"Funk, Miss. Annie Clemmer",female,38.0,0.0,13.0,S,Did Not Survive
Dataset 1,429,1,0,"Futrelle, Mr. Jacques Heath",male,37.0,1.0,53.1,S,Did Not Survive
Dataset 1,430,1,1,"Futrelle, Mrs. Jacques Heath (Lily May Peel)",female,35.0,1.0,53.1,S,Survived
Dataset 1,431,2,0,"Fynney, Mr. Joseph J",male,35.0,0.0,26.0,S,Did Not Survive
Dataset 1,432,2,0,"Gale, Mr. Harry",male,38.0,1.0,21.0,S,Did Not Survive
Dataset 1,433,2,0,"Gale, Mr. Shadrach",male,34.0,1.0,21.0,S,Did Not Survive
Dataset 1,434,3,0,"Gallagher, Mr. Martin",male,25.0,0.0,7.7417,Q,Did Not Survive
Dataset 1,435,3,0,"Garfirth, Mr. John",male,,0.0,14.5,S,Did Not Survive
Dataset 1,436,2,1,"Garside, Miss. Ethel",female,34.0,0.0,13.0,S,Survived
Dataset 1,437,2,0,"Gaskell, Mr. Alfred",male,16.0,0.0,26.0,S,Did Not Survive
Dataset 1,438,2,0,"Gavey, Mr. Lawrence",male,26.0,0.0,10.5,S,Did Not Survive
Dataset 1,439,1,0,"Gee, Mr. Arthur H",male,47.0,0.0,38.5,S,Did Not Survive
Dataset 1,440,1,1,"Geiger, Miss. Amalie",female,35.0,0.0,211.5,C,Survived
Dataset 1,441,3,0,"Gheorgheff, Mr. Stanio",male,,0.0,7.8958,C,Did Not Survive
Dataset 1,442,1,1,"Gibson, Miss. Dorothy Winifred",female,22.0,1.0,59.4,C,Survived
Dataset 1,443,1,1,"Gibson, Mrs. Leonard (Pauline C Boeson)",female,45.0,1.0,59.4,C,Survived
Dataset 1,444,1,0,"Giglio, Mr. Victor",male,24.0,0.0,79.2,C,Did Not Survive
Dataset 1,445,2,0,"Gilbert, Mr. William",male,47.0,0.0,10.5,S,Did Not Survive
Dataset 1,446,2,0,"Giles, Mr. Edgar",male,21.0,1.0,11.5,S,Did Not Survive
Dataset 1,447,2,0,"Giles, Mr. Frederick Edward",male,21.0,1.0,11.5,S,Did Not Survive
Dataset 1,448,2,0,"Giles, Mr. Ralph",male,24.0,0.0,13.5,S,Did Not Survive
Dataset 1,449,3,0,"Gilinski, Mr. Eliezer",male,22.0,0.0,8.05,S,Did Not Survive
Dataset 1,450,2,0,"Gill, Mr. John William",male,24.0,0.0,13.0,S,Did Not Survive
Dataset 1,451,2,0,"Gillespie, Mr. William Henry",male,34.0,0.0,13.0,S,Did Not Survive
Dataset 1,452,3,1,"Gilnagh, Miss. Katherine ""Katie""",female,16.0,0.0,7.7333,Q,Survived
Dataset 1,453,2,0,"Givard, Mr. Hans Kristensen",male,30.0,0.0,13.0,S,Did Not Survive
Dataset 1,454,3,1,"Glynn, Miss. Mary Agatha",female,,0.0,7.75,Q,Survived
Dataset 1,455,1,1,"Goldenberg, Mr. Samuel L",male,49.0,1.0,89.1042,C,Survived
Dataset 1,456,1,1,"Goldenberg, Mrs. Samuel L (Edwiga Grabowska)",female,,1.0,89.1042,C,Survived
Dataset 1,457,1,0,"Goldschmidt, Mr. George B",male,71.0,0.0,34.6542,C,Did Not Survive
Dataset 1,458,3,1,"Goldsmith, Master. Frank John William ""Frankie""",male,9.0,2.0,20.525,S,Survived
Dataset 1,459,3,0,"Goldsmith, Mr. Frank John",male,33.0,2.0,20.525,S,Did Not Survive
Dataset 1,460,3,0,"Goldsmith, Mr. Nathan",male,41.0,0.0,7.85,S,Did Not Survive
Dataset 1,461,3,1,"Goldsmith, Mrs. Frank John (Emily Alice Brown)",female,31.0,2.0,20.525,S,Survived
Dataset 1,462,3,0,"Goncalves, Mr. Manuel Estanslas",male,38.0,0.0,7.05,S,Did Not Survive
Dataset 1,463,3,0,"Goodwin, Master. Harold Victor",male,9.0,7.0,46.9,S,Did Not Survive
Dataset 1,464,3,0,"Goodwin, Master. Sidney Leonard",male,1.0,7.0,46.9,S,Did Not Survive
Dataset 1,465,3,0,"Goodwin, Master. William Frederick",male,11.0,7.0,46.9,S,Did Not Survive
Dataset 1,466,3,0,"Goodwin, Miss. Jessie Allis",female,10.0,7.0,46.9,S,Did Not Survive
Dataset 1,467,3,0,"Goodwin, Miss. Lillian Amy",female,16.0,7.0,46.9,S,Did Not Survive
Dataset 1,468,3,0,"Goodwin, Mr. Charles Edward",male,14.0,7.0,46.9,S,Did Not Survive
Dataset 1,469,3,0,"Goodwin, Mr. Charles Frederick",male,40.0,7.0,46.9,S,Did Not Survive
Dataset 1,470,3,0,"Goodwin, Mrs. Frederick (Augusta Tyler)",female,43.0,7.0,46.9,S,Did Not Survive
Dataset 1,471,1,1,"Gracie, Col. Archibald IV",male,53.0,0.0,28.5,C,Survived
Dataset 1,472,1,1,"Graham, Miss. Margaret Edith",female,19.0,0.0,30.0,S,Survived
Dataset 1,473,1,0,"Graham, Mr. George Edward",male,38.0,1.0,153.4625,S,Did Not Survive
Dataset 1,474,1,1,"Graham, Mrs. William Thompson (Edith Junkins)",female,58.0,1.0,153.4625,S,Survived
Dataset 1,475,3,0,"Green, Mr. George Henry",male,51.0,0.0,8.05,S,Did Not Survive
Dataset 1,476,2,0,"Greenberg, Mr. Samuel",male,52.0,0.0,13.0,S,Did Not Survive
Dataset 1,477,1,1,"Greenfield, Mr. William Bertram",male,23.0,1.0,63.3583,C,Survived
Dataset 1,478,1,1,"Greenfield, Mrs. Leo David (Blanche Strouse)",female,45.0,1.0,63.3583,C,Survived
Dataset 1,479,3,0,"Gronnestad, Mr. Daniel Danielsen",male,32.0,0.0,8.3625,S,Did Not Survive
Dataset 1,480,3,0,"Guest, Mr. Robert",male,,0.0,8.05,S,Did Not Survive
Dataset 1,481,1,0,"Guggenheim, Mr. Benjamin",male,46.0,0.0,79.2,C,Did Not Survive
Dataset 1,482,3,0,"Gustafsson, Mr. Alfred Ossian",male,20.0,0.0,9.8458,S,Did Not Survive
Dataset 1,483,3,0,"Gustafsson, Mr. Anders Vilhelm",male,37.0,2.0,7.925,S,Did Not Survive
Dataset 1,484,3,0,"Gustafsson, Mr. Johan Birger",male,28.0,2.0,7.925,S,Did Not Survive
Dataset 1,485,3,0,"Gustafsson, Mr. Karl Gideon",male,19.0,0.0,7.775,S,Did Not Survive
Dataset 1,486,3,0,"Haas, Miss. Aloisia",female,24.0,0.0,8.85,S,Did Not Survive
Dataset 1,487,3,0,"Hagardon, Miss. Kate",female,17.0,0.0,7.7333,Q,Did Not Survive
Dataset 1,488,3,0,"Hagland, Mr. Ingvald Olai Olsen",male,,1.0,19.9667,S,Did Not Survive
Dataset 1,489,3,0,"Hagland, Mr. Konrad Mathias Reiersen",male,,1.0,19.9667,S,Did Not Survive
Dataset 1,490,3,0,"Hakkarainen, Mr. Pekka Pietari",male,28.0,1.0,15.85,S,Did Not Survive
Dataset 1,491,3,1,"Hakkarainen, Mrs. Pekka Pietari (Elin Matilda Dolck)",female,24.0,1.0,15.85,S,Survived
Dataset 1,492,2,0,"Hale, Mr. Reginald",male,30.0,0.0,13.0,S,Did Not Survive
Dataset 1,493,2,1,"Hamalainen, Master. Viljo",male,0.67,2.0,14.5,S,Survived
Dataset 1,494,2,1,"Hamalainen, Mrs. William (Anna)",female,24.0,2.0,14.5,S,Survived
Dataset 1,495,3,0,"Hampe, Mr. Leon",male,20.0,0.0,9.5,S,Did Not Survive
Dataset 1,496,3,0,"Hanna, Mr. Mansour",male,23.5,0.0,7.2292,C,Did Not Survive
Dataset 1,497,3,0,"Hansen, Mr. Claus Peter",male,41.0,2.0,14.1083,S,Did Not Survive
Dataset 1,498,3,0,"Hansen, Mr. Henrik Juul",male,26.0,1.0,7.8542,S,Did Not Survive
Dataset 1,499,3,0,"Hansen, Mr. Henry Damsgaard",male,21.0,0.0,7.8542,S,Did Not Survive
Dataset 1,500,3,1,"Hansen, Mrs. Claus Peter (Jennie L Howard)",female,45.0,1.0,14.1083,S,Survived
Dataset 1,501,2,0,"Harbeck, Mr. William H",male,44.0,0.0,13.0,S,Did Not Survive
Dataset 1,502,1,1,"Harder, Mr. George Achilles",male,25.0,1.0,55.4417,C,Survived
Dataset 1,503,1,1,"Harder, Mrs. George Achilles (Dorothy Annan)",female,25.0,1.0,55.4417,C,Survived
Dataset 1,504,3,0,"Harknett, Miss. Alice Phoebe",female,,0.0,7.55,S,Did Not Survive
Dataset 1,505,3,0,"Harmer, Mr. Abraham (David Lishin)",male,25.0,0.0,7.25,S,Did Not Survive
Dataset 1,506,2,1,"Harper, Miss. Annie Jessie ""Nina""",female,6.0,1.0,33.0,S,Survived
Dataset 1,507,1,1,"Harper, Mr. Henry Sleeper",male,48.0,1.0,76.7292,C,Survived
Dataset 1,508,1,1,"Harper, Mrs. Henry Sleeper (Myna Haxtun)",female,49.0,1.0,76.7292,C,Survived
Dataset 1,509,2,0,"Harper, Rev. John",male,28.0,1.0,33.0,S,Did Not Survive
Dataset 1,510,1,0,"Harrington, Mr. Charles H",male,,0.0,42.4,S,Did Not Survive
Dataset 1,511,2,1,"Harris, Mr. George",male,62.0,0.0,10.5,S,Survived
Dataset 1,512,1,0,"Harris, Mr. Henry Birkhardt",male,45.0,1.0,83.475,S,Did Not Survive
Dataset 1,513,2,0,"Harris, Mr. Walter",male,30.0,0.0,10.5,S,Did Not Survive
Dataset 1,514,1,1,"Harris, Mrs. Henry Birkhardt (Irene Wallach)",female,35.0,1.0,83.475,S,Survived
Dataset 1,515,1,0,"Harrison, Mr. William",male,40.0,0.0,0.0,S,Did Not Survive
Dataset 1,516,2,1,"Hart, Miss. Eva Miriam",female,7.0,2.0,26.25,S,Survived
Dataset 1,517,2,0,"Hart, Mr. Benjamin",male,43.0,2.0,26.25,S,Did Not Survive
Dataset 1,518,3,0,"Hart, Mr. Henry",male,,0.0,6.8583,Q,Did Not Survive
Dataset 1,519,2,1,"Hart, Mrs. Benjamin (Esther Ada Bloomfield)",female,45.0,2.0,26.25,S,Survived
Dataset 1,520,1,1,"Hassab, Mr. Hammad",male,27.0,0.0,76.7292,C,Survived
Dataset 1,521,3,0,"Hassan, Mr. Houssein G N",male,11.0,0.0,18.7875,C,Did Not Survive
Dataset 1,522,1,1,"Hawksford, Mr. Walter James",male,,0.0,30.0,S,Survived
Dataset 1,523,1,1,"Hays, Miss. Margaret Bechstein",female,24.0,0.0,83.1583,C,Survived
Dataset 1,524,1,0,"Hays, Mr. Charles Melville",male,55.0,2.0,93.5,S,Did Not Survive
Dataset 1,525,1,1,"Hays, Mrs. Charles Melville (Clara Jennings Gregg)",female,52.0,2.0,93.5,S,Survived
Dataset 1,526,1,0,"Head, Mr. Christopher",male,42.0,0.0,42.5,S,Did Not Survive
Dataset 1,527,3,1,"Healy, Miss. Hanora ""Nora""",female,,0.0,7.75,Q,Survived
Dataset 1,528,3,1,"Hedman, Mr. Oskar Arvid",male,27.0,0.0,6.975,S,Survived
Dataset 1,529,3,1,"Hee, Mr. Ling",male,,0.0,56.4958,S,Survived
Dataset 1,530,3,0,"Hegarty, Miss. Hanora ""Nora""",female,18.0,0.0,6.75,Q,Did Not Survive
Dataset 1,531,3,1,"Heikkinen, Miss. Laina",female,26.0,0.0,7.925,S,Survived
Dataset 1,532,3,0,"Heininen, Miss. Wendla Maria",female,23.0,0.0,7.925,S,Did Not Survive
Dataset 1,533,3,1,"Hellstrom, Miss. Hilda Maria",female,22.0,0.0,8.9625,S,Survived
Dataset 1,534,3,0,"Hendekovic, Mr. Ignjac",male,28.0,0.0,7.8958,S,Did Not Survive
Dataset 1,535,3,0,"Henriksson, Miss. Jenny Lovisa",female,28.0,0.0,7.775,S,Did Not Survive
Dataset 1,536,3,0,"Henry, Miss. Delia",female,,0.0,7.75,Q,Did Not Survive
Dataset 1,537,2,1,"Herman, Miss. Alice",female,24.0,3.0,65.0,S,Survived
Dataset 1,538,2,1,"Herman, Miss. Kate",female,24.0,3.0,65.0,S,Survived
Dataset 1,539,2,0,"Herman, Mr. Samuel",male,49.0,3.0,65.0,S,Did Not Survive
Dataset 1,540,2,1,"Herman, Mrs. Samuel (Jane Laver)",female,48.0,3.0,65.0,S,Survived
Dataset 1,541,2,1,"Hewlett, Mrs. (Mary D Kingcome)",female,55.0,0.0,16.0,S,Survived
Dataset 1,542,2,0,"Hickman, Mr. Leonard Mark",male,24.0,2.0,73.5,S,Did Not Survive
Dataset 1,543,2,0,"Hickman, Mr. Lewis",male,32.0,2.0,73.5,S,Did Not Survive
Dataset 1,544,2,0,"Hickman, Mr. Stanley George",male,21.0,2.0,73.5,S,Did Not Survive
Dataset 1,545,1,0,"Hilliard, Mr. Herbert Henry",male,,0.0,51.8625,S,Did Not Survive
Dataset 1,546,2,0,"Hiltunen, Miss. Marta",female,18.0,2.0,13.0,S,Did Not Survive
Dataset 1,547,1,0,"Hipkins, Mr. William Edward",male,55.0,0.0,50.0,S,Did Not Survive
Dataset 1,548,1,1,"Hippach, Miss. Jean Gertrude",female,16.0,1.0,57.9792,C,Survived
Dataset 1,549,1,1,"Hippach, Mrs. Louis Albert (Ida Sophia Fischer)",female,44.0,1.0,57.9792,C,Survived
Dataset 1,550,3,1,"Hirvonen, Miss. Hildur E",female,2.0,1.0,12.2875,S,Survived
Dataset 1,551,3,1,"Hirvonen, Mrs. Alexander (Helga E Lindqvist)",female,22.0,2.0,12.2875,S,Survived
Dataset 1,552,2,1,"Hocking, Miss. Ellen ""Nellie""",female,20.0,3.0,23.0,S,Survived
Dataset 1,553,2,0,"Hocking, Mr. Richard George",male,23.0,3.0,11.5,S,Did Not Survive
Dataset 1,554,2,0,"Hocking, Mr. Samuel James Metcalfe",male,36.0,0.0,13.0,S,Did Not Survive
Dataset 1,555,2,1,"Hocking, Mrs. Elizabeth (Eliza Needs)",female,54.0,4.0,23.0,S,Survived
Dataset 1,556,2,0,"Hodges, Mr. Henry Price",male,50.0,0.0,13.0,S,Did Not Survive
Dataset 1,557,1,1,"Hogeboom, Mrs. John C (Anna Andrews)",female,51.0,1.0,77.9583,S,Survived
Dataset 1,558,2,0,"Hold, Mr. Stephen",male,44.0,1.0,26.0,S,Did Not Survive
Dataset 1,559,2,1,"Hold, Mrs. Stephen (Annie Margaret Hill)",female,29.0,1.0,26.0,S,Survived
Dataset 1,560,3,0,"Holm, Mr. John Fredrik Alexander",male,43.0,0.0,6.45,S,Did Not Survive
Dataset 1,561,3,0,"Holthen, Mr. Johan Martin",male,28.0,0.0,22.525,S,Did Not Survive
Dataset 1,562,1,0,"Holverson, Mr. Alexander Oskar",male,42.0,1.0,52.0,S,Did Not Survive
Dataset 1,563,1,1,"Holverson, Mrs. Alexander Oskar (Mary Aline Towner)",female,35.0,1.0,52.0,S,Survived
Dataset 1,564,1,1,"Homer, Mr. Harry (""Mr E Haven"")",male,35.0,0.0,26.55,C,Survived
Dataset 1,565,3,1,"Honkanen, Miss. Eliina",female,27.0,0.0,7.925,S,Survived
Dataset 1,566,2,0,"Hood, Mr. Ambrose Jr",male,21.0,0.0,73.5,S,Did Not Survive
Dataset 1,567,3,0,"Horgan, Mr. John",male,,0.0,7.75,Q,Did Not Survive
Dataset 1,568,2,1,"Hosono, Mr. Masabumi",male,42.0,0.0,13.0,S,Survived
Dataset 1,569,3,1,"Howard, Miss. May Elizabeth",female,,0.0,8.05,S,Survived
Dataset 1,570,2,0,"Howard, Mr. Benjamin",male,63.0,1.0,26.0,S,Did Not Survive
Dataset 1,571,2,0,"Howard, Mrs. Benjamin (Ellen Truelove Arman)",female,60.0,1.0,26.0,S,Did Not Survive
Dataset 1,572,1,1,"Hoyt, Mr. Frederick Maxfield",male,38.0,1.0,90.0,S,Survived
Dataset 1,573,1,0,"Hoyt, Mr. William Fisher",male,,0.0,30.6958,C,Did Not Survive
Dataset 1,574,1,1,"Hoyt, Mrs. Frederick Maxfield (Jane Anne Forby)",female,35.0,1.0,90.0,S,Survived
Dataset 1,575,3,0,"Humblen, Mr. Adolf Mathias Nicolai Olsen",male,42.0,0.0,7.65,S,Did Not Survive
Dataset 1,576,2,0,"Hunt, Mr. George Henry",male,33.0,0.0,12.275,S,Did Not Survive
Dataset 1,577,3,1,"Hyman, Mr. Abraham",male,,0.0,7.8875,S,Survived
Dataset 1,578,3,0,"Ibrahim Shawah, Mr. Yousseff",male,30.0,0.0,7.2292,C,Did Not Survive
Dataset 1,579,1,1,"Icard, Miss. Amelie",female,38.0,,80.0,,Survived
Dataset 1,580,2,1,"Ilett, Miss. Bertha",female,17.0,0.0,10.5,S,Survived
Dataset 1,581,3,0,"Ilieff, Mr. Ylio",male,,0.0,7.8958,S,Did Not Survive
Dataset 1,582,3,0,"Ilmakangas, Miss. Ida Livija",female,27.0,1.0,7.925,S,Did Not Survive
Dataset 1,583,3,0,"Ilmakangas, Miss. Pieta Sofia",female,25.0,1.0,7.925,S,Did Not Survive
Dataset 1,584,1,0,"Isham, Miss. Ann Elizabeth",female,50.0,0.0,28.7125,C,Did Not Survive
Dataset 1,585,1,1,"Ismay, Mr. Joseph Bruce",male,49.0,0.0,0.0,S,Survived
Dataset 1,586,3,0,"Ivanoff, Mr. Kanio",male,,0.0,7.8958,S,Did Not Survive
Dataset 1,587,2,0,"Jacobsohn, Mr. Sidney Samuel",male,42.0,1.0,27.0,S,Did Not Survive
Dataset 1,588,2,1,"Jacobsohn, Mrs. Sidney Samuel (Amy Frances Christy)",female,24.0,3.0,27.0,S,Survived
Dataset 1,589,3,1,"Jalsevac, Mr. Ivan",male,29.0,0.0,7.8958,C,Survived
Dataset 1,590,3,1,"Jansson, Mr. Carl Olof",male,21.0,0.0,7.7958,S,Survived
Dataset 1,591,3,0,"Jardin, Mr. Jose Neto",male,,0.0,7.05,S,Did Not Survive
Dataset 1,592,2,0,"Jarvis, Mr. John Denzil",male,47.0,0.0,15.0,S,Did Not Survive
Dataset 1,593,2,0,"Jefferys, Mr. Clifford Thomas",male,24.0,2.0,31.5,S,Did Not Survive
Dataset 1,594,2,0,"Jefferys, Mr. Ernest Wilfred",male,22.0,2.0,31.5,S,Did Not Survive
Dataset 1,595,2,0,"Jenkin, Mr. Stephen Curnow",male,32.0,0.0,10.5,S,Did Not Survive
Dataset 1,596,3,0,"Jensen, Mr. Hans Peder",male,20.0,0.0,7.8542,S,Did Not Survive
Dataset 1,597,3,0,"Jensen, Mr. Niels Peder",male,48.0,0.0,7.8542,S,Did Not Survive
Dataset 1,598,3,0,"Jensen, Mr. Svend Lauritz",male,17.0,1.0,7.0542,S,Did Not Survive
Dataset 1,599,3,1,"Jermyn, Miss. Annie",female,,0.0,7.75,Q,Survived
Dataset 1,600,2,1,"Jerwan, Mrs. Amin S (Marie Marthe Thuillard)",female,23.0,0.0,13.7917,C,Survived
Dataset 1,601,3,1,"Johannesen-Bratthammer, Mr. Bernt",male,,0.0,8.1125,S,Survived
Dataset 1,602,3,0,"Johanson, Mr. Jakob Alfred",male,34.0,0.0,6.4958,S,Did Not Survive
Dataset 1,603,3,1,"Johansson Palmquist, Mr. Oskar Leander",male,26.0,0.0,7.775,S,Survived
Dataset 1,604,3,0,"Johansson, Mr. Erik",male,22.0,0.0,7.7958,S,Did Not Survive
Dataset 1,605,3,0,"Johansson, Mr. Gustaf Joel",male,33.0,0.0,8.6542,S,Did Not Survive
Dataset 1,606,3,0,"Johansson, Mr. Karl Johan",male,31.0,0.0,7.775,S,Did Not Survive
Dataset 1,607,3,0,"Johansson, Mr. Nils",male,29.0,0.0,7.8542,S,Did Not Survive
Dataset 1,608,3,1,"Johnson, Master. Harold Theodor",male,4.0,2.0,11.1333,S,Survived
Dataset 1,609,3,1,"Johnson, Miss. Eleanor Ileen",female,1.0,2.0,11.1333,S,Survived
Dataset 1,610,3,0,"Johnson, Mr. Alfred",male,49.0,0.0,0.0,S,Did Not Survive
Dataset 1,611,3,0,"Johnson, Mr. Malkolm Joackim",male,33.0,0.0,7.775,S,Did Not Survive
Dataset 1,612,3,0,"Johnson, Mr. William Cahoone Jr",male,19.0,0.0,0.0,S,Did Not Survive
Dataset 1,613,3,1,"Johnson, Mrs. Oscar W (Elisabeth Vilhelmina Berg)",female,27.0,2.0,11.1333,S,Survived
Dataset 1,614,3,0,"Johnston, Master. William Arthur ""Willie""",male,,3.0,23.45,S,Did Not Survive
Dataset 1,615,3,0,"Johnston, Miss. Catherine Helen ""Carrie""",female,,3.0,23.45,S,Did Not Survive
Dataset 1,616,3,0,"Johnston, Mr. Andrew G",male,,3.0,23.45,S,Did Not Survive
Dataset 1,617,3,0,"Johnston, Mrs. Andrew G (Elizabeth ""Lily"" Watson)",female,,3.0,23.45,S,Did Not Survive
Dataset 1,618,1,0,"Jones, Mr. Charles Cresson",male,46.0,0.0,26.0,S,Did Not Survive
Dataset 1,619,3,0,"Jonkoff, Mr. Lalio",male,23.0,0.0,7.8958,S,Did Not Survive
Dataset 1,620,3,1,"Jonsson, Mr. Carl",male,32.0,0.0,7.8542,S,Survived
Dataset 1,621,3,0,"Jonsson, Mr. Nils Hilding",male,27.0,0.0,7.8542,S,Did Not Survive
Dataset 1,622,1,0,"Julian, Mr. Henry Forbes",male,50.0,0.0,26.0,S,Did Not Survive
Dataset 1,623,3,0,"Jussila, Miss. Katriina",female,20.0,1.0,9.825,S,Did Not Survive
Dataset 1,624,3,0,"Jussila, Miss. Mari Aina",female,21.0,1.0,9.825,S,Did Not Survive
Dataset 1,625,3,1,"Jussila, Mr. Eiriik",male,32.0,0.0,7.925,S,Survived
Dataset 1,626,3,0,"Kallio, Mr. Nikolai Erland",male,17.0,0.0,7.125,S,Did Not Survive
Dataset 1,627,3,0,"Kalvik, Mr. Johannes Halvorsen",male,21.0,0.0,8.4333,S,Did Not Survive
Dataset 1,628,2,0,"Kantor, Mr. Sinai",male,34.0,1.0,26.0,S,Did Not Survive
Dataset 1,629,2,1,"Kantor, Mrs. Sinai (Miriam Sternin)",female,24.0,1.0,26.0,S,Survived
Dataset 1,630,3,0,"Karaic, Mr. Milan",male,30.0,0.0,7.8958,S,Did Not Survive
Dataset 1,631,3,1,"Karlsson, Mr. Einar Gervasius",male,21.0,0.0,7.7958,S,Survived
Dataset 1,632,3,0,"Karlsson, Mr. Julius Konrad Eugen",male,33.0,0.0,7.8542,S,Did Not Survive
Dataset 1,633,3,0,"Karlsson, Mr. Nils August",male,22.0,0.0,7.5208,S,Did Not Survive
Dataset 1,634,2,0,"Karnes, Mrs. J Frank (Claire Bennett)",female,22.0,0.0,21.0,S,Did Not Survive
Dataset 1,635,3,1,"Karun, Miss. Manca",female,4.0,1.0,13.4167,C,Survived
Dataset 1,636,3,1,"Karun, Mr. Franz",male,39.0,1.0,13.4167,C,Survived
Dataset 1,637,3,0,"Kassem, Mr. Fared",male,,0.0,7.2292,C,Did Not Survive
Dataset 1,638,3,0,"Katavelas, Mr. Vassilios (""Catavelas Vassilios"")",male,18.5,0.0,7.2292,C,Did Not Survive
Dataset 1,639,2,1,"Keane, Miss. Nora A",female,,0.0,12.35,Q,Survived
Dataset 1,640,3,0,"Keane, Mr. Andrew ""Andy""",male,,0.0,7.75,Q,Did Not Survive
Dataset 1,641,2,0,"Keane, Mr. Daniel",male,35.0,0.0,12.35,Q,Did Not Survive
Dataset 1,642,3,0,"Keefe, Mr. Arthur",male,,0.0,7.25,S,Did Not Survive
Dataset 1,643,1,0,"Keeping, Mr. Edwin",male,32.5,0.0,211.5,C,Did Not Survive
Dataset 1,644,3,1,"Kelly, Miss. Anna Katherine ""Annie Kate""",female,,0.0,7.75,Q,Survived
Dataset 1,645,3,1,"Kelly, Miss. Mary",female,,0.0,7.75,Q,Survived
Dataset 1,646,3,0,"Kelly, Mr. James",male,34.5,0.0,7.8292,Q,Did Not Survive
Dataset 1,647,3,0,"Kelly, Mr. James",male,44.0,0.0,8.05,S,Did Not Survive
Dataset 1,648,2,1,"Kelly, Mrs. Florence ""Fannie""",female,45.0,0.0,13.5,S,Survived
Dataset 1,649,3,1,"Kennedy, Mr. John",male,,0.0,7.75,Q,Survived
Dataset 1,650,1,0,"Kent, Mr. Edward Austin",male,58.0,0.0,29.7,C,Did Not Survive
Dataset 1,651,1,0,"Kenyon, Mr. Frederick R",male,41.0,1.0,51.8625,S,Did Not Survive
Dataset 1,652,1,1,"Kenyon, Mrs. Frederick R (Marion)",female,,1.0,51.8625,S,Survived
Dataset 1,653,3,0,"Khalil, Mr. Betros",male,,1.0,14.4542,C,Did Not Survive
Dataset 1,654,3,0,"Khalil, Mrs. Betros (Zahie ""Maria"" Elias)",female,,1.0,14.4542,C,Did Not Survive
Dataset 1,655,3,0,"Kiernan, Mr. John",male,,1.0,7.75,Q,Did Not Survive
Dataset 1,656,3,0,"Kiernan, Mr. Philip",male,,1.0,7.75,Q,Did Not Survive
Dataset 1,657,3,0,"Kilgannon, Mr. Thomas J",male,,0.0,7.7375,Q,Did Not Survive
Dataset 1,658,1,1,"Kimball, Mr. Edwin Nelson Jr",male,42.0,1.0,52.5542,S,Survived
Dataset 1,659,1,1,"Kimball, Mrs. Edwin Nelson Jr (Gertrude Parsons)",female,45.0,1.0,52.5542,S,Survived
Dataset 1,660,3,0,"Kink, Miss. Maria",female,22.0,2.0,8.6625,S,Did Not Survive
Dataset 1,661,3,0,"Kink, Mr. Vincenz",male,26.0,2.0,8.6625,S,Did Not Survive
Dataset 1,662,3,1,"Kink-Heilmann, Miss. Luise Gretchen",female,4.0,2.0,22.025,S,Survived
Dataset 1,663,3,1,"Kink-Heilmann, Mr. Anton",male,29.0,4.0,22.025,S,Survived
Dataset 1,664,3,1,"Kink-Heilmann, Mrs. Anton (Luise Heilmann)",female,26.0,2.0,22.025,S,Survived
Dataset 1,665,2,0,"Kirkland, Rev. Charles Leonard",male,57.0,0.0,12.35,Q,Did Not Survive
Dataset 1,666,1,0,"Klaber, Mr. Herman",male,,0.0,26.55,S,Did Not Survive
Dataset 1,667,3,0,"Klasen, Miss. Gertrud Emilia",female,1.0,2.0,12.1833,S,Did Not Survive
Dataset 1,668,3,0,"Klasen, Mr. Klas Albin",male,18.0,2.0,7.8542,S,Did Not Survive
Dataset 1,669,3,0,"Klasen, Mrs. (Hulda Kristina Eugenia Lofqvist)",female,36.0,2.0,12.1833,S,Did Not Survive
Dataset 1,670,2,0,"Knight, Mr. Robert J",male,,0.0,0.0,S,Did Not Survive
Dataset 1,671,3,0,"Kraeff, Mr. Theodor",male,,0.0,7.8958,C,Did Not Survive
Dataset 1,672,3,1,"Krekorian, Mr. Neshan",male,25.0,0.0,7.2292,C,Survived
Dataset 1,673,1,1,"Kreuchen, Miss. Emilie",female,39.0,0.0,211.3375,S,Survived
Dataset 1,674,2,0,"Kvillner, Mr. Johan Henrik Johannesson",male,31.0,0.0,10.5,S,Did Not Survive
Dataset 1,675,3,0,"Lahoud, Mr. Sarkis",male,,0.0,7.225,C,Did Not Survive
Dataset 1,676,2,0,"Lahtinen, Mrs. William (Anna Sylfven)",female,26.0,2.0,26.0,S,Did Not Survive
Dataset 1,677,2,0,"Lahtinen, Rev. William",male,30.0,2.0,26.0,S,Did Not Survive
Dataset 1,678,3,0,"Laitinen, Miss. Kristina Sofia",female,37.0,0.0,9.5875,S,Did Not Survive
Dataset 1,679,3,0,"Laleff, Mr. Kristo",male,,0.0,7.8958,S,Did Not Survive
Dataset 1,680,3,1,"Lam, Mr. Ali",male,,0.0,56.4958,S,Survived
Dataset 1,681,3,0,"Lam, Mr. Len",male,,0.0,56.4958,S,Did Not Survive
Dataset 1,682,2,0,"Lamb, Mr. John Joseph",male,,0.0,10.7083,Q,Did Not Survive
Dataset 1,683,3,1,"Landergren, Miss. Aurora Adelia",female,22.0,0.0,7.25,S,Survived
Dataset 1,684,3,0,"Lane, Mr. Patrick",male,,0.0,7.75,Q,Did Not Survive
Dataset 1,685,3,1,"Lang, Mr. Fang",male,26.0,0.0,56.4958,S,Survived
Dataset 1,686,2,1,"Laroche, Miss. Louise",female,1.0,3.0,41.5792,C,Survived
Dataset 1,687,2,1,"Laroche, Miss. Simonne Marie Anne Andree",female,3.0,3.0,41.5792,C,Survived
Dataset 1,688,2,0,"Laroche, Mr. Joseph Philippe Lemercier",male,25.0,3.0,41.5792,C,Did Not Survive
Dataset 1,689,2,1,"Laroche, Mrs. Joseph (Juliette Marie Louise Lafargue)",female,22.0,3.0,41.5792,C,Survived
Dataset 1,690,3,0,"Larsson, Mr. August Viktor",male,29.0,0.0,9.4833,S,Did Not Survive
Dataset 1,691,3,0,"Larsson, Mr. Bengt Edvin",male,29.0,0.0,7.775,S,Did Not Survive
Dataset 1,692,3,0,"Larsson-Rondberg, Mr. Edvard A",male,22.0,0.0,7.775,S,Did Not Survive
Dataset 1,693,1,1,"Leader, Dr. Alice (Farnham)",female,49.0,0.0,25.9292,S,Survived
Dataset 1,694,3,1,"Leeni, Mr. Fahim (""Philip Zenni"")",male,22.0,0.0,7.225,C,Survived
Dataset 1,695,3,0,"Lefebre, Master. Henry Forbes",male,,4.0,25.4667,S,Did Not Survive
Dataset 1,696,3,0,"Lefebre, Miss. Ida",female,,4.0,25.4667,S,Did Not Survive
Dataset 1,697,3,0,"Lefebre, Miss. Jeannie",female,,4.0,25.4667,S,Did Not Survive
Dataset 1,698,3,0,"Lefebre, Miss. Mathilde",female,,4.0,25.4667,S,Did Not Survive
Dataset 1,699,3,0,"Lefebre, Mrs. Frank (Frances)",female,,4.0,25.4667,S,Did Not Survive
Dataset 1,700,2,1,"Lehmann, Miss. Bertha",female,17.0,0.0,12.0,C,Survived
Dataset 1,701,3,0,"Leinonen, Mr. Antti Gustaf",male,32.0,0.0,7.925,S,Did Not Survive
Dataset 1,702,2,1,"Leitch, Miss. Jessie Wills",female,,0.0,33.0,S,Survived
Dataset 1,703,3,0,"Lemberopolous, Mr. Peter L",male,34.5,0.0,6.4375,C,Did Not Survive
Dataset 1,704,2,1,"Lemore, Mrs. (Amelia Milley)",female,34.0,0.0,10.5,S,Survived
Dataset 1,705,3,0,"Lennon, Miss. Mary",female,,1.0,15.5,Q,Did Not Survive
Dataset 1,706,3,0,"Lennon, Mr. Denis",male,,1.0,15.5,Q,Did Not Survive
Dataset 1,707,3,0,"Leonard, Mr. Lionel",male,36.0,0.0,0.0,S,Did Not Survive
Dataset 1,708,1,1,"LeRoy, Miss. Bertha",female,30.0,0.0,106.425,C,Survived
Dataset 1,709,3,0,"Lester, Mr. James",male,39.0,0.0,24.15,S,Did Not Survive
Dataset 1,710,1,1,"Lesurer, Mr. Gustave J",male,35.0,0.0,512.3292,C,Survived
Dataset 1,711,2,0,"Levy, Mr. Rene Jacques",male,36.0,0.0,12.875,C,Did Not Survive
Dataset 1,712,1,0,"Lewy, Mr. Ervin G",male,,0.0,27.7208,C,Did Not Survive
Dataset 1,713,2,0,"Leyson, Mr. Robert William Norman",male,24.0,0.0,10.5,S,Did Not Survive
Dataset 1,714,3,0,"Lievens, Mr. Rene Aime",male,24.0,0.0,9.5,S,Did Not Survive
Dataset 1,715,3,0,"Lindahl, Miss. Agda Thorilda Viktoria",female,25.0,0.0,7.775,S,Did Not Survive
Dataset 1,716,3,0,"Lindblom, Miss. Augusta Charlotta",female,45.0,0.0,7.75,S,Did Not Survive
Dataset 1,717,1,0,"Lindeberg-Lind, Mr. Erik Gustaf (""Mr Edward Lingrey"")",male,42.0,0.0,26.55,S,Did Not Survive
Dataset 1,718,3,0,"Lindell, Mr. Edvard Bengtsson",male,36.0,1.0,15.55,S,Did Not Survive
Dataset 1,719,3,0,"Lindell, Mrs. Edvard Bengtsson (Elin Gerda Persson)",female,30.0,1.0,15.55,S,Did Not Survive
Dataset 1,720,3,1,"Lindqvist, Mr. Eino William",male,20.0,1.0,7.925,S,Survived
Dataset 1,721,1,1,"Lindstrom, Mrs. Carl Johan (Sigrid Posse)",female,55.0,0.0,27.7208,C,Survived
Dataset 1,722,3,0,"Linehan, Mr. Michael",male,,0.0,7.8792,Q,Did Not Survive
Dataset 1,723,1,1,"Lines, Miss. Mary Conover",female,16.0,1.0,39.4,S,Survived
Dataset 1,724,1,1,"Lines, Mrs. Ernest H (Elizabeth Lindsey James)",female,51.0,1.0,39.4,S,Survived
Dataset 1,725,3,0,"Ling, Mr. Lee",male,28.0,0.0,56.4958,S,Did Not Survive
Dataset 1,726,2,0,"Lingane, Mr. John",male,61.0,0.0,12.35,Q,Did Not Survive
Dataset 1,727,3,0,"Lithman, Mr. Simon",male,,0.0,7.55,S,Did Not Survive
Dataset 1,728,3,0,"Lobb, Mr. William Arthur",male,30.0,1.0,16.1,S,Did Not Survive
Dataset 1,729,3,0,"Lobb, Mrs. William Arthur (Cordelia K Stanlick)",female,26.0,1.0,16.1,S,Did Not Survive
Dataset 1,730,3,0,"Lockyer, Mr. Edward",male,,0.0,7.8792,S,Did Not Survive
Dataset 1,731,1,0,"Long, Mr. Milton Clyde",male,29.0,0.0,30.0,S,Did Not Survive
Dataset 1,732,1,1,"Longley, Miss. Gretchen Fiske",female,21.0,0.0,77.9583,S,Survived
Dataset 1,733,1,0,"Loring, Mr. Joseph Holland",male,30.0,0.0,45.5,S,Did Not Survive
Dataset 1,734,2,0,"Louch, Mr. Charles Alexander",male,50.0,1.0,26.0,S,Did Not Survive
Dataset 1,735,2,1,"Louch, Mrs. Charles Alexander (Alice Adelaide Slow)",female,42.0,1.0,26.0,S,Survived
Dataset 1,736,3,0,"Lovell, Mr. John Hall (""Henry"")",male,20.5,0.0,7.25,S,Did Not Survive
Dataset 1,737,3,1,"Lulic, Mr. Nikola",male,27.0,0.0,8.6625,S,Survived
Dataset 1,738,3,0,"Lundahl, Mr. Johan Svensson",male,51.0,0.0,7.0542,S,Did Not Survive
Dataset 1,739,3,1,"Lundin, Miss. Olga Elida",female,23.0,0.0,7.8542,S,Survived
Dataset 1,740,3,1,"Lundstrom, Mr. Thure Edvin",male,32.0,0.0,7.5792,S,Survived
Dataset 1,741,1,1,"Lurette, Miss. Elise",female,58.0,0.0,146.5208,C,Survived
Dataset 1,742,3,0,"Lyntakoff, Mr. Stanko",male,,0.0,7.8958,S,Did Not Survive
Dataset 1,743,2,0,"Mack, Mrs. (Mary)",female,57.0,0.0,10.5,S,Did Not Survive
Dataset 1,744,3,0,"MacKay, Mr. George William",male,,0.0,7.55,S,Did Not Survive
Dataset 1,745,3,1,"Madigan, Miss. Margaret ""Maggie""",female,,0.0,7.75,Q,Survived
Dataset 1,746,1,1,"Madill, Miss. Georgette Alexandra",female,15.0,1.0,211.3375,S,Survived
Dataset 1,747,3,1,"Madsen, Mr. Fridtjof Arne",male,24.0,0.0,7.1417,S,Survived
Dataset 1,748,3,0,"Maenpaa, Mr. Matti Alexanteri",male,22.0,0.0,7.125,S,Did Not Survive
Dataset 1,749,1,0,"Maguire, Mr. John Edward",male,30.0,0.0,26.0,S,Did Not Survive
Dataset 1,750,3,0,"Mahon, Miss. Bridget Delia",female,,0.0,7.8792,Q,Did Not Survive
Dataset 1,751,3,0,"Mahon, Mr. John",male,,0.0,7.75,Q,Did Not Survive
Dataset 1,752,1,1,"Maioni, Miss. Roberta",female,16.0,0.0,86.5,S,Survived
Dataset 1,753,3,0,"Maisner, Mr. Simon",male,,0.0,8.05,S,Did Not Survive
Dataset 1,754,3,0,"Makinen, Mr. Kalle Edvard",male,29.0,0.0,7.925,S,Did Not Survive
Dataset 1,755,2,0,"Malachard, Mr. Noel",male,,0.0,15.0458,C,Did Not Survive
Dataset 1,756,2,1,"Mallet, Master. Andre",male,1.0,2.0,37.0042,C,Survived
Dataset 1,757,2,0,"Mallet, Mr. Albert",male,31.0,2.0,37.0042,C,Did Not Survive
Dataset 1,758,2,1,"Mallet, Mrs. Albert (Antoinette Magnin)",female,24.0,2.0,37.0042,C,Survived
Dataset 1,759,3,1,"Mamee, Mr. Hanna",male,,0.0,7.2292,C,Survived
Dataset 1,760,3,0,"Mangan, Miss. Mary",female,30.5,0.0,7.75,Q,Did Not Survive
Dataset 1,761,2,0,"Mangiavacchi, Mr. Serafino Emilio",male,,0.0,15.5792,C,Did Not Survive
Dataset 1,762,3,1,"Mannion, Miss. Margareth",female,,0.0,7.7375,Q,Survived
Dataset 1,763,3,0,"Mardirosian, Mr. Sarkis",male,,0.0,7.2292,C,Did Not Survive
Dataset 1,764,1,1,"Marechal, Mr. Pierre",male,,0.0,29.7,C,Survived
Dataset 1,765,3,0,"Markoff, Mr. Marin",male,35.0,0.0,7.8958,C,Did Not Survive
Dataset 1,766,3,0,"Markun, Mr. Johann",male,33.0,0.0,7.8958,S,Did Not Survive
Dataset 1,767,1,0,"Marvin, Mr. Daniel Warner",male,19.0,1.0,53.1,S,Did Not Survive
Dataset 1,768,1,1,"Marvin, Mrs. Daniel Warner (Mary Graham Carmichael Farquarson)",female,18.0,1.0,53.1,S,Survived
Dataset 1,769,3,1,"Masselmani, Mrs. Fatima",female,,0.0,7.225,C,Survived
Dataset 1,770,3,0,"Matinoff, Mr. Nicola",male,,0.0,7.8958,C,Did Not Survive
Dataset 1,771,2,0,"Matthews, Mr. William John",male,30.0,0.0,13.0,S,Did Not Survive
Dataset 1,772,2,0,"Maybery, Mr. Frank Hubert",male,40.0,0.0,16.0,S,Did Not Survive
Dataset 1,773,1,1,"Mayne, Mlle. Berthe Antonine (""Mrs de Villiers"")",female,24.0,0.0,49.5042,C,Survived
Dataset 1,774,1,0,"McCaffry, Mr. Thomas Francis",male,46.0,0.0,75.2417,C,Did Not Survive
Dataset 1,775,3,1,"McCarthy, Miss. Catherine ""Katie""",female,,0.0,7.75,Q,Survived
Dataset 1,776,1,0,"McCarthy, Mr. Timothy J",male,54.0,0.0,51.8625,S,Did Not Survive
Dataset 1,777,3,1,"McCormack, Mr. Thomas Joseph",male,,0.0,7.75,Q,Survived
Dataset 1,778,3,1,"McCoy, Miss. Agnes",female,,2.0,23.25,Q,Survived
Dataset 1,779,3,1,"McCoy, Miss. Alicia",female,,2.0,23.25,Q,Survived
Dataset 1,780,3,1,"McCoy, Mr. Bernard",male,,2.0,23.25,Q,Survived
Dataset 1,781,2,0,"McCrae, Mr. Arthur Gordon",male,32.0,0.0,13.5,S,Did Not Survive
Dataset 1,782,2,0,"McCrie, Mr. James Matthew",male,30.0,0.0,13.0,S,Did Not Survive
Dataset 1,783,3,1,"McDermott, Miss. Brigdet Delia",female,,0.0,7.7875,Q,Survived
Dataset 1,784,3,0,"McEvoy, Mr. Michael",male,,0.0,15.5,Q,Did Not Survive
Dataset 1,785,1,1,"McGough, Mr. James Robert",male,36.0,0.0,26.2875,S,Survived
Dataset 1,786,3,1,"McGovern, Miss. Mary",female,,0.0,7.8792,Q,Survived
Dataset 1,787,3,1,"McGowan, Miss. Anna ""Annie""",female,15.0,0.0,8.0292,Q,Survived
Dataset 1,788,3,0,"McGowan, Miss. Katherine",female,35.0,0.0,7.75,Q,Did Not Survive
Dataset 1,789,2,0,"McKane, Mr. Peter David",male,46.0,0.0,26.0,S,Did Not Survive
Dataset 1,790,3,0,"McMahon, Mr. Martin",male,,0.0,7.75,Q,Did Not Survive
Dataset 1,791,3,0,"McNamee, Mr. Neal",male,24.0,1.0,16.1,S,Did Not Survive
Dataset 1,792,3,0,"McNamee, Mrs. Neal (Eileen O'Leary)",female,19.0,1.0,16.1,S,Did Not Survive
Dataset 1,793,3,0,"McNeill, Miss. Bridget",female,,0.0,7.75,Q,Did Not Survive
Dataset 1,794,3,0,"Meanwell, Miss. (Marion Ogden)",female,,0.0,8.05,S,Did Not Survive
Dataset 1,795,3,0,"Meek, Mrs. Thomas (Annie Louise Rowley)",female,,0.0,8.05,S,Did Not Survive
Dataset 1,796,2,1,"Mellinger, Miss. Madeleine Violet",female,13.0,1.0,19.5,S,Survived
Dataset 1,797,2,1,"Mellinger, Mrs. (Elizabeth Anne Maidment)",female,41.0,1.0,19.5,S,Survived
Dataset 1,798,2,1,"Mellors, Mr. William John",male,19.0,0.0,10.5,S,Survived
Dataset 1,799,3,0,"Meo, Mr. Alfonzo",male,55.5,0.0,8.05,S,Did Not Survive
Dataset 1,800,3,0,"Mernagh, Mr. Robert",male,,0.0,7.75,Q,Did Not Survive
Dataset 1,801,2,0,"Meyer, Mr. August",male,39.0,0.0,13.0,S,Did Not Survive
Dataset 1,802,1,0,"Meyer, Mr. Edgar Joseph",male,28.0,1.0,82.1708,C,Did Not Survive
Dataset 1,803,1,1,"Meyer, Mrs. Edgar Joseph (Leila Saks)",female,,1.0,82.1708,C,Survived
Dataset 1,804,3,1,"Midtsjo, Mr. Karl Albert",male,21.0,0.0,7.775,S,Survived
Dataset 1,805,3,0,"Miles, Mr. Frank",male,,0.0,8.05,S,Did Not Survive
Dataset 1,806,1,0,"Millet, Mr. Francis Davis",male,65.0,0.0,26.55,S,Did Not Survive
Dataset 1,807,2,0,"Milling, Mr. Jacob Christian",male,48.0,0.0,13.0,S,Did Not Survive
Dataset 1,808,1,0,"Minahan, Dr. William Edward",male,44.0,2.0,90.0,Q,Did Not Survive
Dataset 1,809,1,1,"Minahan, Miss. Daisy E",female,33.0,1.0,90.0,Q,Survived
Dataset 1,810,1,1,"Minahan, Mrs. William Edward (Lillian E Thorpe)",female,37.0,1.0,90.0,Q,Survived
Dataset 1,811,3,0,"Mineff, Mr. Ivan",male,24.0,0.0,7.8958,S,Did Not Survive
Dataset 1,812,3,0,"Minkoff, Mr. Lazar",male,21.0,0.0,7.8958,S,Did Not Survive
Dataset 1,813,3,0,"Mionoff, Mr. Stoytcho",male,28.0,0.0,7.8958,S,Did Not Survive
Dataset 1,814,3,1,Miss. Elizabeth,female,0.17,3.0,,S,Survived
Dataset 1,815,2,0,"Mitchell, Mr. Henry Michael",male,70.0,0.0,10.5,S,Did Not Survive
Dataset 1,816,3,0,"Mitkoff, Mr. Mito",male,,0.0,7.8958,S,Did Not Survive
Dataset 1,817,1,1,"Mock, Mr. Philipp Edmund",male,30.0,1.0,57.75,C,Survived
Dataset 1,818,3,1,"Mockler, Miss. Helen Mary ""Ellie""",female,,0.0,7.8792,Q,Survived
Dataset 1,819,3,0,"Moen, Mr. Sigurd Hansen",male,25.0,0.0,7.65,S,Did Not Survive
Dataset 1,820,1,0,"Molson, Mr. Harry Markland",male,55.0,0.0,30.5,S,Did Not Survive
Dataset 1,821,2,0,"Montvila, Rev. Juozas",male,27.0,0.0,13.0,S,Did Not Survive
Dataset 1,822,3,1,"Moor, Master. Meier",male,6.0,1.0,12.475,S,Survived
Dataset 1,823,3,1,"Moor, Mrs. (Beila)",female,27.0,1.0,12.475,S,Survived
Dataset 1,824,1,0,"Moore, Mr. Clarence Bloomfield",male,47.0,0.0,42.4,S,Did Not Survive
Dataset 1,825,3,0,"Moore, Mr. Leonard Charles",male,,0.0,8.05,S,Did Not Survive
Dataset 1,826,3,1,"Moran, Miss. Bertha",female,,1.0,24.15,Q,Survived
Dataset 1,827,3,0,"Moran, Mr. Daniel J",male,,1.0,24.15,Q,Did Not Survive
Dataset 1,828,3,0,"Moran, Mr. James",male,,0.0,8.4583,Q,Did Not Survive
Dataset 1,829,2,0,"Moraweck, Dr. Ernest",male,54.0,0.0,14.0,S,Did Not Survive
Dataset 1,830,2,0,"Morley, Mr. Henry Samuel (""Mr Henry Marshall"")",male,39.0,0.0,26.0,S,Did Not Survive
Dataset 1,831,3,0,"Morley, Mr. William",male,34.0,0.0,8.05,S,Did Not Survive
Dataset 1,832,3,0,"Morrow, Mr. Thomas Rowan",male,,0.0,7.75,Q,Did Not Survive
Dataset 1,833,3,1,"Moss, Mr. Albert Johan",male,,0.0,7.775,S,Survived
Dataset 1,834,3,1,"Moubarek, Master. Gerios",male,,2.0,15.2458,C,Survived
Dataset 1,835,3,1,"Moubarek, Master. Halim Gonios (""William George"")",male,,2.0,15.2458,C,Survived
Dataset 1,836,3,1,"Moubarek, Mrs. George (Omine ""Amenia"" Alexander)",female,,2.0,15.2458,C,Survived
Dataset 1,837,3,1,"Moussa, Mrs. (Mantoura Boulos)",female,,0.0,7.2292,C,Survived
Dataset 1,838,3,0,"Moutal, Mr. Rahamin Haim",male,,0.0,8.05,S,Did Not Survive
Dataset 1,839,2,0,"Mudd, Mr. Thomas Charles",male,16.0,0.0,10.5,S,Did Not Survive
Dataset 1,840,3,1,"Mullens, Miss. Katherine ""Katie""",female,,0.0,7.7333,Q,Survived
Dataset 1,841,3,1,"Mulvihill, Miss. Bertha E",female,24.0,0.0,7.75,Q,Survived
Dataset 1,842,3,0,"Murdlin, Mr. Joseph",male,,0.0,8.05,S,Did Not Survive
Dataset 1,843,3,1,"Murphy, Miss. Katherine ""Kate""",female,,1.0,15.5,Q,Survived
Dataset 1,844,3,1,"Murphy, Miss. Margaret Jane",female,,1.0,15.5,Q,Survived
Dataset 1,845,3,1,"Murphy, Miss. Nora",female,,0.0,15.5,Q,Survived
Dataset 1,846,3,0,"Myhrman, Mr. Pehr Fabian Oliver Malkolm",male,18.0,0.0,7.75,S,Did Not Survive
Dataset 1,847,2,0,"Myles, Mr. Thomas Francis",male,62.0,0.0,9.6875,Q,Did Not Survive
Dataset 1,848,3,0,"Naidenoff, Mr. Penko",male,22.0,0.0,7.8958,S,Did Not Survive
Dataset 1,849,3,1,"Najib, Miss. Adele Kiamie ""Jane""",female,15.0,0.0,7.225,C,Survived
Dataset 1,850,3,1,"Nakid, Miss. Maria (""Mary"")",female,1.0,2.0,15.7417,C,Survived
Dataset 1,851,3,1,"Nakid, Mr. Sahid",male,20.0,2.0,15.7417,C,Survived
Dataset 1,852,3,1,"Nakid, Mrs. Said (Waika ""Mary"" Mowad)",female,19.0,2.0,15.7417,C,Survived
Dataset 1,853,3,0,"Nancarrow, Mr. William Henry",male,33.0,0.0,8.05,S,Did Not Survive
Dataset 1,854,3,0,"Nankoff, Mr. Minko",male,,0.0,7.8958,S,Did Not Survive
Dataset 1,855,3,0,"Nasr, Mr. Mustafa",male,,0.0,7.2292,C,Did Not Survive
Dataset 1,856,2,0,"Nasser, Mr. Nicholas",male,32.5,1.0,30.0708,C,Did Not Survive
Dataset 1,857,2,1,"Nasser, Mrs. Nicholas (Adele Achem)",female,14.0,1.0,30.0708,C,Survived
Dataset 1,858,1,0,"Natsch, Mr. Charles H",male,37.0,1.0,29.7,C,Did Not Survive
Dataset 1,859,3,0,"Naughton, Miss. Hannah",female,,0.0,7.75,Q,Did Not Survive
Dataset 1,860,2,1,"Navratil, Master. Edmond Roger",male,2.0,2.0,26.0,S,Survived
Dataset 1,861,2,1,"Navratil, Master. Michel M",male,3.0,2.0,26.0,S,Survived
Dataset 1,862,2,0,"Navratil, Mr. Michel (""Louis M Hoffman"")",male,36.5,2.0,26.0,S,Did Not Survive
Dataset 1,863,3,0,"Nenkoff, Mr. Christo",male,,0.0,7.8958,S,Did Not Survive
Dataset 1,864,2,0,"Nesson, Mr. Israel",male,26.0,0.0,13.0,S,Did Not Survive
Dataset 1,865,1,1,"Newell, Miss. Madeleine",female,31.0,1.0,113.275,C,Survived
Dataset 1,866,1,1,"Newell, Miss. Marjorie",female,23.0,1.0,113.275,C,Survived
Dataset 1,867,1,0,"Newell, Mr. Arthur Webster",male,58.0,2.0,113.275,C,Did Not Survive
Dataset 1,868,1,1,"Newsom, Miss. Helen Monypeny",female,19.0,2.0,26.2833,S,Survived
Dataset 1,869,2,0,"Nicholls, Mr. Joseph Charles",male,19.0,2.0,36.75,S,Did Not Survive
Dataset 1,870,1,0,"Nicholson, Mr. Arthur Ernest",male,64.0,0.0,26.0,S,Did Not Survive
Dataset 1,871,3,1,"Nicola-Yarred, Master. Elias",male,12.0,1.0,11.2417,C,Survived
Dataset 1,872,3,1,"Nicola-Yarred, Miss. Jamila",female,14.0,1.0,11.2417,C,Survived
Dataset 1,873,3,0,"Nieminen, Miss. Manta Josefina",female,29.0,0.0,7.925,S,Did Not Survive
Dataset 1,874,3,0,"Niklasson, Mr. Samuel",male,28.0,0.0,8.05,S,Did Not Survive
Dataset 1,875,3,1,"Nilsson, Miss. Berta Olivia",female,18.0,0.0,7.775,S,Survived
Dataset 1,876,3,1,"Nilsson, Miss. Helmina Josefina",female,26.0,0.0,7.8542,S,Survived
Dataset 1,877,3,0,"Nilsson, Mr. August Ferdinand",male,21.0,0.0,7.8542,S,Did Not Survive
Dataset 1,878,3,0,"Nirva, Mr. Iisakki Antino Aijo",male,41.0,0.0,7.125,S,Did Not Survive
Dataset 1,879,3,1,"Niskanen, Mr. Juha",male,39.0,0.0,7.925,S,Survived
Dataset 1,880,2,0,"Norman, Mr. Robert Douglas",male,28.0,0.0,13.5,S,Did Not Survive
Dataset 1,881,3,0,"Nosworthy, Mr. Richard Cater",male,21.0,0.0,7.8,S,Did Not Survive
Dataset 1,882,2,1,"Nourney, Mr. Alfred (""Baron von Drachstedt"")",male,20.0,0.0,13.8625,C,Survived
Dataset 1,883,3,0,"Novel, Mr. Mansouer",male,28.5,0.0,7.2292,C,Did Not Survive
Dataset 1,884,2,1,"Nye, Mrs. (Elizabeth Ramell)",female,29.0,0.0,10.5,S,Survived
Dataset 1,885,3,1,"Nysten, Miss. Anna Sofia",female,22.0,0.0,7.75,S,Survived
Dataset 1,886,3,0,"Nysveen, Mr. Johan Hansen",male,61.0,0.0,6.2375,S,Did Not Survive
Dataset 1,887,3,0,"O'Brien, Mr. Thomas",male,,1.0,15.5,Q,Did Not Survive
Dataset 1,888,3,0,"O'Brien, Mr. Timothy",male,,0.0,7.8292,Q,Did Not Survive
Dataset 1,889,3,1,"O'Brien, Mrs. Thomas (Johanna ""Hannah"" Godfrey)",female,,1.0,15.5,Q,Survived
Dataset 1,890,3,0,"O'Connell, Mr. Patrick D",male,,0.0,7.7333,Q,Did Not Survive
Dataset 1,891,3,0,"O'Connor, Mr. Maurice",male,,0.0,7.75,Q,Did Not Survive
Dataset 1,892,3,0,"O'Connor, Mr. Patrick",male,,0.0,7.75,Q,Did Not Survive
Dataset 1,893,3,0,"Odahl, Mr. Nils Martin",male,23.0,0.0,9.225,S,Did Not Survive
Dataset 1,894,3,0,"O'Donoghue, Ms. Bridget",female,,0.0,7.75,Q,Did Not Survive
Dataset 1,895,3,1,"O'Driscoll, Miss. Bridget",female,,0.0,7.75,Q,Survived
Dataset 1,896,3,1,"O'Dwyer, Miss. Ellen ""Nellie""",female,,0.0,7.8792,Q,Survived
Dataset 1,897,3,1,"Ohman, Miss. Velin",female,22.0,0.0,7.775,S,Survived
Dataset 1,898,3,1,"O'Keefe, Mr. Patrick",male,,0.0,7.75,Q,Survived
Dataset 1,899,3,1,"O'Leary, Miss. Hanora ""Norah""",female,,0.0,7.8292,Q,Survived
Dataset 1,900,1,1,"Oliva y Ocana, Dona. Fermina",female,39.0,0.0,108.9,C,Survived
Dataset 1,901,3,1,"Olsen, Master. Artur Karl",male,9.0,1.0,3.1708,S,Survived
Dataset 1,902,3,0,"Olsen, Mr. Henry Margido",male,28.0,0.0,22.525,S,Did Not Survive
Dataset 1,903,3,0,"Olsen, Mr. Karl Siegwart Andreas",male,42.0,1.0,8.4042,S,Did Not Survive
Dataset 1,904,3,0,"Olsen, Mr. Ole Martin",male,,0.0,7.3125,S,Did Not Survive
Dataset 1,905,3,0,"Olsson, Miss. Elina",female,31.0,0.0,7.8542,S,Did Not Survive
Dataset 1,906,3,0,"Olsson, Mr. Nils Johan Goransson",male,28.0,0.0,7.8542,S,Did Not Survive
Dataset 1,907,3,1,"Olsson, Mr. Oscar Wilhelm",male,32.0,0.0,7.775,S,Survived
Dataset 1,908,3,0,"Olsvigen, Mr. Thor Anderson",male,20.0,0.0,9.225,S,Did Not Survive
Dataset 1,909,1,1,"Omont, Mr. Alfred Fernand",male,,0.0,25.7417,C,Survived
Dataset 1,910,3,0,"Oreskovic, Miss. Jelka",female,23.0,0.0,8.6625,S,Did Not Survive
Dataset 1,911,3,0,"Oreskovic, Miss. Marija",female,20.0,0.0,8.6625,S,Did Not Survive
Dataset 1,912,3,0,"Oreskovic, Mr. Luka",male,20.0,0.0,8.6625,S,Did Not Survive
Dataset 1,913,3,0,"Osen, Mr. Olaf Elon",male,16.0,0.0,9.2167,S,Did Not Survive
Dataset 1,914,3,1,"Osman, Mrs. Mara",female,31.0,0.0,8.6833,S,Survived
Dataset 1,915,1,1,"Ostby, Miss. Helene Ragnhild",female,22.0,1.0,61.9792,C,Survived
Dataset 1,916,1,0,"Ostby, Mr. Engelhart Cornelius",male,65.0,1.0,61.9792,C,Did Not Survive
Dataset 1,917,3,0,"O'Sullivan, Miss. Bridget Mary",female,,0.0,7.6292,Q,Did Not Survive
Dataset 1,918,2,0,"Otter, Mr. Richard",male,39.0,0.0,13.0,S,Did Not Survive
Dataset 1,919,1,0,"Ovies y Rodriguez, Mr. Servando",male,28.5,0.0,27.7208,C,Did Not Survive
Dataset 1,920,2,1,"Oxenham, Mr. Percy Thomas",male,22.0,0.0,10.5,S,Survived
Dataset 1,921,2,1,"Padro y Manent, Mr. Julian",male,,0.0,13.8625,C,Survived
Dataset 1,922,2,0,"Pain, Dr. Alfred",male,23.0,0.0,10.5,S,Did Not Survive
Dataset 1,923,2,1,"Pallas y Castello, Mr. Emilio",male,29.0,0.0,13.8583,C,Survived
Dataset 1,924,3,0,"Palsson, Master. Gosta Leonard",male,2.0,4.0,21.075,S,Did Not Survive
Dataset 1,925,3,0,"Palsson, Master. Paul Folke",male,6.0,4.0,21.075,S,Did Not Survive
Dataset 1,926,3,0,"Palsson, Miss. Stina Viola",female,3.0,4.0,21.075,S,Did Not Survive
Dataset 1,927,3,0,"Palsson, Miss. Torborg Danira",female,8.0,4.0,21.075,S,Did Not Survive
Dataset 1,928,3,0,"Palsson, Mrs. Nils (Alma Cornelia Berglund)",female,29.0,4.0,21.075,S,Did Not Survive
Dataset 1,929,3,0,"Panula, Master. Eino Viljami",male,1.0,5.0,39.6875,S,Did Not Survive
Dataset 1,930,3,0,"Panula, Master. Juha Niilo",male,7.0,5.0,39.6875,S,Did Not Survive
Dataset 1,931,3,0,"Panula, Master. Urho Abraham",male,2.0,5.0,39.6875,S,Did Not Survive
Dataset 1,932,3,0,"Panula, Mr. Ernesti Arvid",male,16.0,5.0,39.6875,S,Did Not Survive
Dataset 1,933,3,0,"Panula, Mr. Jaako Arnold",male,14.0,5.0,39.6875,S,Did Not Survive
Dataset 1,934,3,0,"Panula, Mrs. Juha (Maria Emilia Ojala)",female,41.0,5.0,39.6875,S,Did Not Survive
Dataset 1,935,2,0,"Parker, Mr. Clifford Richard",male,28.0,0.0,10.5,S,Did Not Survive
Dataset 1,936,2,0,"Parkes, Mr. Francis ""Frank""",male,,0.0,0.0,S,Did Not Survive
Dataset 1,937,1,0,"Parr, Mr. William Henry Marsh",male,,0.0,0.0,S,Did Not Survive
Dataset 1,938,2,1,"Parrish, Mrs. (Lutie Davis)",female,50.0,1.0,26.0,S,Survived
Dataset 1,939,1,0,"Partner, Mr. Austen",male,45.5,0.0,28.5,S,Did Not Survive
Dataset 1,940,3,0,"Pasic, Mr. Jakob",male,21.0,0.0,8.6625,S,Did Not Survive
Dataset 1,941,3,0,"Patchett, Mr. George",male,19.0,0.0,14.5,S,Did Not Survive
Dataset 1,942,3,0,"Paulner, Mr. Uscher",male,,0.0,8.7125,C,Did Not Survive
Dataset 1,943,3,0,"Pavlovic, Mr. Stefo",male,32.0,0.0,7.8958,S,Did Not Survive
Dataset 1,944,1,0,"Payne, Mr. Vivian Ponsonby",male,23.0,0.0,93.5,S,Did Not Survive
Dataset 1,945,3,0,"Peacock, Master. Alfred Edward",male,0.75,2.0,13.775,S,Did Not Survive
Dataset 1,946,3,0,"Peacock, Miss. Treasteall",female,3.0,2.0,13.775,S,Did Not Survive
Dataset 1,947,3,0,"Peacock, Mrs. Benjamin (Edith Nile)",female,26.0,2.0,13.775,S,Did Not Survive
Dataset 1,948,3,0,"Pearce, Mr. Ernest",male,,0.0,7.0,S,Did Not Survive
Dataset 1,949,1,0,"Pears, Mr. Thomas Clinton",male,29.0,1.0,66.6,S,Did Not Survive
Dataset 1,950,1,1,"Pears, Mrs. Thomas (Edith Wearne)",female,22.0,1.0,66.6,S,Survived
Dataset 1,951,3,0,"Pedersen, Mr. Olaf",male,,0.0,7.775,S,Did Not Survive
Dataset 1,952,3,0,"Peduzzi, Mr. Joseph",male,,0.0,8.05,S,Did Not Survive
Dataset 1,953,3,0,"Pekoniemi, Mr. Edvard",male,21.0,0.0,7.925,S,Did Not Survive
Dataset 1,954,3,0,"Peltomaki, Mr. Nikolai Johannes",male,25.0,0.0,7.925,S,Did Not Survive
Dataset 1,955,1,0,"Penasco y Castellana, Mr. Victor de Satode",male,18.0,1.0,108.9,C,Did Not Survive
Dataset 1,956,1,1,"Penasco y Castellana, Mrs. Victor de Satode (Maria Josefa Perez de Soto y Vallejo)",female,17.0,1.0,108.9,C,Survived
Dataset 1,957,2,0,"Pengelly, Mr. Frederick William",male,19.0,0.0,10.5,S,Did Not Survive
Dataset 1,958,3,0,"Perkin, Mr. John Henry",male,22.0,0.0,7.25,S,Did Not Survive
Dataset 1,959,2,0,"Pernot, Mr. Rene",male,,0.0,15.05,C,Did Not Survive
Dataset 1,960,1,1,"Perreault, Miss. Anne",female,30.0,0.0,93.5,S,Survived
Dataset 1,961,3,1,"Persson, Mr. Ernst Ulrik",male,25.0,1.0,7.775,S,Survived
Dataset 1,962,2,0,"Peruschitz, Rev. Joseph Maria",male,41.0,0.0,13.0,S,Did Not Survive
Dataset 1,963,3,1,"Peter, Master. Michael J",male,,2.0,22.3583,C,Survived
Dataset 1,964,3,1,"Peter, Miss. Anna",female,,2.0,22.3583,C,Survived
Dataset 1,965,3,1,"Peter, Mrs. Catherine (Catherine Rizk)",female,,2.0,22.3583,C,Survived
Dataset 1,966,3,0,"Peters, Miss. Katie",female,,0.0,8.1375,Q,Did Not Survive
Dataset 1,967,3,0,"Petersen, Mr. Marius",male,24.0,0.0,8.05,S,Did Not Survive
Dataset 1,968,3,0,"Petranec, Miss. Matilda",female,28.0,0.0,7.8958,S,Did Not Survive
Dataset 1,969,3,0,"Petroff, Mr. Nedelio",male,19.0,0.0,7.8958,S,Did Not Survive
Dataset 1,970,3,0,"Petroff, Mr. Pastcho (""Pentcho"")",male,,0.0,7.8958,S,Did Not Survive
Dataset 1,971,3,0,"Petterson, Mr. Johan Emil",male,25.0,1.0,7.775,S,Did Not Survive
Dataset 1,972,3,0,"Pettersson, Miss. Ellen Natalia",female,18.0,0.0,7.775,S,Did Not Survive
Dataset 1,973,1,1,"Peuchen, Major. Arthur Godfrey",male,52.0,0.0,30.5,S,Survived
Dataset 1,974,2,1,"Phillips, Miss. Alice Frances Louisa",female,21.0,1.0,21.0,S,Survived
Dataset 1,975,2,1,"Phillips, Miss. Kate Florence (""Mrs Kate Louise Phillips Marshall"")",female,19.0,0.0,26.0,S,Survived
Dataset 1,976,2,0,"Phillips, Mr. Escott Robert",male,43.0,1.0,21.0,S,Did Not Survive
Dataset 1,977,3,1,"Pickard, Mr. Berk (Berk Trembisky)",male,32.0,0.0,8.05,S,Survived
Dataset 1,978,2,1,"Pinsky, Mrs. (Rosa)",female,32.0,0.0,13.0,S,Survived
Dataset 1,979,3,0,"Plotcharsky, Mr. Vasil",male,,0.0,7.8958,S,Did Not Survive
Dataset 1,980,3,0,"Pokrnic, Mr. Mate",male,17.0,0.0,8.6625,S,Did Not Survive
Dataset 1,981,3,0,"Pokrnic, Mr. Tome",male,24.0,0.0,8.6625,S,Did Not Survive
Dataset 1,982,2,0,"Ponesell, Mr. Martin",male,34.0,0.0,13.0,S,Did Not Survive
Dataset 1,983,2,1,"Portaluppi, Mr. Emilio Ilario Giuseppe",male,30.0,0.0,12.7375,C,Survived
Dataset 1,984,1,0,"Porter, Mr. Walter Chamberlain",male,47.0,0.0,52.0,S,Did Not Survive
Dataset 1,985,1,1,"Potter, Mrs. Thomas Jr (Lily Alexenia Wilson)",female,56.0,1.0,83.1583,C,Survived
Dataset 1,986,2,0,"Pulbaum, Mr. Franz",male,27.0,0.0,15.0333,C,Did Not Survive
Dataset 1,987,2,1,"Quick, Miss. Phyllis May",female,2.0,2.0,26.0,S,Survived
Dataset 1,988,2,1,"Quick, Miss. Winifred Vera",female,8.0,2.0,26.0,S,Survived
Dataset 1,989,2,1,"Quick, Mrs. Frederick Charles (Jane Richards)",female,33.0,2.0,26.0,S,Survived
Dataset 1,990,3,0,"Radeff, Mr. Alexander",male,,0.0,7.8958,S,Did Not Survive
Dataset 1,991,3,0,"Rasmussen, Mrs. (Lena Jacobsen Solvang)",female,,0.0,8.1125,S,Did Not Survive
Dataset 1,992,3,0,"Razi, Mr. Raihed",male,,0.0,7.2292,C,Did Not Survive
Dataset 1,993,3,0,"Reed, Mr. James George",male,,0.0,7.25,S,Did Not Survive
Dataset 1,994,2,0,"Reeves, Mr. David",male,36.0,0.0,10.5,S,Did Not Survive
Dataset 1,995,3,0,"Rekic, Mr. Tido",male,38.0,0.0,7.8958,S,Did Not Survive
Dataset 1,996,2,0,"Renouf, Mr. Peter Henry",male,34.0,1.0,21.0,S,Did Not Survive
Dataset 1,997,2,1,"Renouf, Mrs. Peter Henry (Lillian Jefferys)",female,30.0,3.0,21.0,S,Survived
Dataset 1,998,1,0,"Reuchlin, Jonkheer. John George",male,38.0,0.0,0.0,S,Did Not Survive
Dataset 1,999,2,1,"Reynaldo, Ms. Encarnacion",female,28.0,0.0,13.0,S,Survived
Dataset 1,1000,3,0,"Reynolds, Mr. Harold J",male,21.0,0.0,8.05,S,Did Not Survive
Dataset 1,1001,1,1,"Rheims, Mr. George Alexander Lucien",male,,0.0,39.6,S,Survived
Dataset 1,1002,3,0,"Rice, Master. Albert",male,10.0,5.0,29.125,Q,Did Not Survive
Dataset 1,1003,3,0,"Rice, Master. Arthur",male,4.0,5.0,29.125,Q,Did Not Survive
Dataset 1,1004,3,0,"Rice, Master. Eric",male,7.0,5.0,29.125,Q,Did Not Survive
Dataset 1,1005,3,0,"Rice, Master. Eugene",male,2.0,5.0,29.125,Q,Did Not Survive
Dataset 1,1006,3,0,"Rice, Master. George Hugh",male,8.0,5.0,29.125,Q,Did Not Survive
Dataset 1,1007,3,0,"Rice, Mrs. William (Margaret Norton)",female,39.0,5.0,29.125,Q,Did Not Survive
Dataset 1,1008,2,0,"Richard, Mr. Emile",male,23.0,0.0,15.0458,C,Did Not Survive
Dataset 1,1009,2,1,"Richards, Master. George Sibley",male,0.83,2.0,18.75,S,Survived
Dataset 1,1010,2,1,"Richards, Master. William Rowe",male,3.0,2.0,18.75,S,Survived
Dataset 1,1011,2,1,"Richards, Mrs. Sidney (Emily Hocking)",female,24.0,5.0,18.75,S,Survived
Dataset 1,1012,2,1,"Ridsdale, Miss. Lucy",female,50.0,0.0,10.5,S,Survived
Dataset 1,1013,3,0,"Riihivouri, Miss. Susanna Juhantytar ""Sanni""",female,22.0,0.0,39.6875,S,Did Not Survive
Dataset 1,1014,1,0,"Ringhini, Mr. Sante",male,22.0,0.0,135.6333,C,Did Not Survive
Dataset 1,1015,3,0,"Rintamaki, Mr. Matti",male,35.0,0.0,7.125,S,Did Not Survive
Dataset 1,1016,3,1,"Riordan, Miss. Johanna ""Hannah""",female,,0.0,7.7208,Q,Survived
Dataset 1,1017,3,0,"Risien, Mr. Samuel Beard",male,,0.0,14.5,S,Did Not Survive
Dataset 1,1018,3,0,"Risien, Mrs. Samuel (Emma)",female,,0.0,14.5,S,Did Not Survive
Dataset 1,1019,1,0,"Robbins, Mr. Victor",male,,0.0,227.525,C,Did Not Survive
Dataset 1,1020,1,1,"Robert, Mrs. Edward Scott (Elisabeth Walton McMillan)",female,43.0,1.0,211.3375,S,Survived
Dataset 1,1021,3,0,"Robins, Mr. Alexander A",male,50.0,1.0,14.5,S,Did Not Survive
Dataset 1,1022,3,0,"Robins, Mrs. Alexander A (Grace Charity Laury)",female,47.0,1.0,14.5,S,Did Not Survive
Dataset 1,1023,1,0,"Roebling, Mr. Washington Augustus II",male,31.0,0.0,50.4958,S,Did Not Survive
Dataset 1,1024,2,0,"Rogers, Mr. Reginald Harry",male,19.0,0.0,10.5,S,Did Not Survive
Dataset 1,1025,3,0,"Rogers, Mr. William John",male,,0.0,8.05,S,Did Not Survive
Dataset 1,1026,1,1,"Romaine, Mr. Charles Hallace (""Mr C Rolmane"")",male,45.0,0.0,26.55,S,Survived
Dataset 1,1027,3,0,"Rommetvedt, Mr. Knud Paust",male,,0.0,7.775,S,Did Not Survive
Dataset 1,1028,1,0,"Rood, Mr. Hugh Roscoe",male,,0.0,50.0,S,Did Not Survive
Dataset 1,1029,3,0,"Rosblom, Miss. Salli Helena",female,2.0,2.0,20.2125,S,Did Not Survive
Dataset 1,1030,3,0,"Rosblom, Mr. Viktor Richard",male,18.0,2.0,20.2125,S,Did Not Survive
Dataset 1,1031,3,0,"Rosblom, Mrs. Viktor (Helena Wilhelmina)",female,41.0,2.0,20.2125,S,Did Not Survive
Dataset 1,1032,1,1,"Rosenbaum, Miss. Edith Louise",female,33.0,0.0,27.7208,C,Survived
Dataset 1,1033,1,0,"Rosenshine, Mr. George (""Mr George Thorne"")",male,46.0,0.0,79.2,C,Did Not Survive
Dataset 1,1034,1,0,"Ross, Mr. John Hugo",male,36.0,0.0,40.125,C,Did Not Survive
Dataset 1,1035,3,1,"Roth, Miss. Sarah A",female,,0.0,8.05,S,Survived
Dataset 1,1036,1,1,"Rothes, the Countess. of (Lucy Noel Martha Dyer-Edwards)",female,33.0,0.0,86.5,S,Survived
Dataset 1,1037,1,0,"Rothschild, Mr. Martin",male,55.0,1.0,59.4,C,Did Not Survive
Dataset 1,1038,1,1,"Rothschild, Mrs. Martin (Elizabeth L. Barrett)",female,54.0,1.0,59.4,C,Survived
Dataset 1,1039,3,0,"Rouse, Mr. Richard Henry",male,50.0,0.0,8.05,S,Did Not Survive
Dataset 1,1040,1,0,"Rowe, Mr. Alfred G",male,33.0,0.0,26.55,S,Did Not Survive
Dataset 1,1041,2,1,"Rugg, Miss. Emily",female,21.0,0.0,10.5,S,Survived
Dataset 1,1042,3,0,"Rush, Mr. Alfred George John",male,16.0,0.0,8.05,S,Did Not Survive
Dataset 1,1043,3,1,"Ryan, Mr. Edward",male,,0.0,7.75,Q,Survived
Dataset 1,1044,3,0,"Ryan, Mr. Patrick",male,,0.0,24.15,Q,Did Not Survive
Dataset 1,1045,1,1,"Ryerson, Master. John Borie",male,13.0,4.0,262.375,C,Survived
Dataset 1,1046,1,1,"Ryerson, Miss. Emily Borie",female,18.0,4.0,262.375,C,Survived
Dataset 1,1047,1,1,"Ryerson, Miss. Susan Parker ""Suzette""",female,21.0,4.0,262.375,C,Survived
Dataset 1,1048,1,0,"Ryerson, Mr. Arthur Larned",male,61.0,4.0,262.375,C,Did Not Survive
Dataset 1,1049,1,1,"Ryerson, Mrs. Arthur Larned (Emily Maria Borie)",female,48.0,4.0,262.375,C,Survived
Dataset 1,1050,3,0,"Saad, Mr. Amin",male,,0.0,7.2292,C,Did Not Survive
Dataset 1,1051,3,0,"Saad, Mr. Khalil",male,25.0,0.0,7.225,C,Did Not Survive
Dataset 1,1052,3,0,"Saade, Mr. Jean Nassr",male,,0.0,7.225,C,Did Not Survive
Dataset 1,1053,1,1,"Saalfeld, Mr. Adolphe",male,,0.0,30.5,S,Survived
Dataset 1,1054,3,0,"Sadlier, Mr. Matthew",male,,0.0,7.7292,Q,Did Not Survive
Dataset 1,1055,3,0,"Sadowitz, Mr. Harry",male,,0.0,7.575,S,Did Not Survive
Dataset 1,1056,3,0,"Saether, Mr. Simon Sivertsen",male,38.5,0.0,7.25,S,Did Not Survive
Dataset 1,1057,3,0,"Sage, Master. Thomas Henry",male,,10.0,69.55,S,Did Not Survive
Dataset 1,1058,3,0,"Sage, Master. William Henry",male,14.5,10.0,69.55,S,Did Not Survive
Dataset 1,1059,3,0,"Sage, Miss. Ada",female,,10.0,69.55,S,Did Not Survive
Dataset 1,1060,3,0,"Sage, Miss. Constance Gladys",female,,10.0,69.55,S,Did Not Survive
Dataset 1,1061,3,0,"Sage, Miss. Dorothy Edith ""Dolly""",female,,10.0,69.55,S,Did Not Survive
Dataset 1,1062,3,0,"Sage, Miss. Stella Anna",female,,10.0,69.55,S,Did Not Survive
Dataset 1,1063,3,0,"Sage, Mr. Douglas Bullen",male,,10.0,69.55,S,Did Not Survive
Dataset 1,1064,3,0,"Sage, Mr. Frederick",male,,10.0,69.55,S,Did Not Survive
Dataset 1,1065,3,0,"Sage, Mr. George John Jr",male,,10.0,69.55,S,Did Not Survive
Dataset 1,1066,3,0,"Sage, Mr. John George",male,,10.0,69.55,S,Did Not Survive
Dataset 1,1067,3,0,"Sage, Mrs. John (Annie Bullen)",female,,10.0,69.55,S,Did Not Survive
Dataset 1,1068,1,1,"Sagesser, Mlle. Emma",female,24.0,0.0,69.3,C,Survived
Dataset 1,1069,3,0,"Salander, Mr. Karl Johan",male,24.0,0.0,9.325,S,Did Not Survive
Dataset 1,1070,3,1,"Salkjelsvik, Miss. Anna Kristine",female,21.0,0.0,7.65,S,Survived
Dataset 1,1071,1,1,"Salomon, Mr. Abraham L",male,,0.0,26.0,S,Survived
Dataset 1,1072,3,0,"Salonen, Mr. Johan Werner",male,39.0,0.0,7.925,S,Did Not Survive
Dataset 1,1073,3,0,"Samaan, Mr. Elias",male,,2.0,21.6792,C,Did Not Survive
Dataset 1,1074,3,0,"Samaan, Mr. Hanna",male,,2.0,21.6792,C,Did Not Survive
Dataset 1,1075,3,0,"Samaan, Mr. Youssef",male,,2.0,21.6792,C,Did Not Survive
Dataset 1,1076,3,1,"Sandstrom, Miss. Beatrice Irene",female,1.0,2.0,16.7,S,Survived
Dataset 1,1077,3,1,"Sandstrom, Miss. Marguerite Rut",female,4.0,2.0,16.7,S,Survived
Dataset 1,1078,3,1,"Sandstrom, Mrs. Hjalmar (Agnes Charlotta Bengtsson)",female,24.0,2.0,16.7,S,Survived
Dataset 1,1079,3,1,"Sap, Mr. Julius",male,25.0,0.0,9.5,S,Survived
Dataset 1,1080,3,0,"Saundercock, Mr. William Henry",male,20.0,0.0,8.05,S,Did Not Survive
Dataset 1,1081,3,0,"Sawyer, Mr. Frederick Charles",male,24.5,0.0,8.05,S,Did Not Survive
Dataset 1,1082,3,0,"Scanlan, Mr. James",male,,0.0,7.725,Q,Did Not Survive
Dataset 1,1083,1,1,"Schabert, Mrs. Paul (Emma Mock)",female,35.0,1.0,57.75,C,Survived
Dataset 1,1084,2,0,"Schmidt, Mr. August",male,26.0,0.0,13.0,S,Did Not Survive
Dataset 1,1085,3,0,"Sdycoff, Mr. Todor",male,,0.0,7.8958,S,Did Not Survive
Dataset 1,1086,2,0,"Sedgwick, Mr. Charles Frederick Waddington",male,25.0,0.0,13.0,S,Did Not Survive
Dataset 1,1087,1,1,"Serepeca, Miss. Augusta",female,30.0,0.0,31.0,C,Survived
Dataset 1,1088,1,1,"Seward, Mr. Frederic Kimber",male,34.0,0.0,26.55,S,Survived
Dataset 1,1089,2,0,"Sharp, Mr. Percival James R",male,27.0,0.0,26.0,S,Did Not Survive
Dataset 1,1090,3,0,"Shaughnessy, Mr. Patrick",male,,0.0,7.75,Q,Did Not Survive
Dataset 1,1091,3,1,"Sheerlinck, Mr. Jan Baptist",male,29.0,0.0,9.5,S,Survived
Dataset 1,1092,3,0,"Shellard, Mr. Frederick William",male,,0.0,15.1,S,Did Not Survive
Dataset 1,1093,2,1,"Shelley, Mrs. William (Imanita Parrish Hall)",female,25.0,1.0,26.0,S,Survived
Dataset 1,1094,3,1,"Shine, Miss. Ellen Natalia",female,,0.0,7.7792,Q,Survived
Dataset 1,1095,3,0,"Shorney, Mr. Charles Joseph",male,,0.0,8.05,S,Did Not Survive
Dataset 1,1096,1,1,"Shutes, Miss. Elizabeth W",female,40.0,0.0,153.4625,S,Survived
Dataset 1,1097,2,1,"Silven, Miss. Lyyli Karoliina",female,18.0,2.0,13.0,S,Survived
Dataset 1,1098,1,1,"Silverthorne, Mr. Spencer Victor",male,35.0,0.0,26.2875,S,Survived
Dataset 1,1099,1,0,"Silvey, Mr. William Baird",male,50.0,1.0,55.9,S,Did Not Survive
Dataset 1,1100,1,1,"Silvey, Mrs. William Baird (Alice Munger)",female,39.0,1.0,55.9,S,Survived
Dataset 1,1101,3,0,"Simmons, Mr. John",male,,0.0,8.05,S,Did Not Survive
Dataset 1,1102,1,1,"Simonius-Blumer, Col. Oberst Alfons",male,56.0,0.0,35.5,C,Survived
Dataset 1,1103,2,1,"Sincock, Miss. Maude",female,20.0,0.0,36.75,S,Survived
Dataset 1,1104,2,1,"Sinkkonen, Miss. Anna",female,30.0,0.0,13.0,S,Survived
Dataset 1,1105,3,0,"Sirayanian, Mr. Orsen",male,22.0,0.0,7.2292,C,Did Not Survive
Dataset 1,1106,3,0,"Sirota, Mr. Maurice",male,,0.0,8.05,S,Did Not Survive
Dataset 1,1107,3,0,"Sivic, Mr. Husein",male,40.0,0.0,7.8958,S,Did Not Survive
Dataset 1,1108,3,0,"Sivola, Mr. Antti Wilhelm",male,21.0,0.0,7.925,S,Did Not Survive
Dataset 1,1109,3,1,"Sjoblom, Miss. Anna Sofia",female,18.0,0.0,7.4958,S,Survived
Dataset 1,1110,2,0,"Sjostedt, Mr. Ernst Adolf",male,59.0,0.0,13.5,S,Did Not Survive
Dataset 1,1111,3,0,"Skoog, Master. Harald",male,4.0,5.0,27.9,S,Did Not Survive
Dataset 1,1112,3,0,"Skoog, Master. Karl Thorsten",male,10.0,5.0,27.9,S,Did Not Survive
Dataset 1,1113,3,0,"Skoog, Miss. Mabel",female,9.0,5.0,27.9,S,Did Not Survive
Dataset 1,1114,3,0,"Skoog, Miss. Margit Elizabeth",female,2.0,5.0,27.9,S,Did Not Survive
Dataset 1,1115,3,0,"Skoog, Mr. Wilhelm",male,40.0,5.0,27.9,S,Did Not Survive
Dataset 1,1116,3,0,"Skoog, Mrs. William (Anna Bernhardina Karlsson)",female,45.0,5.0,27.9,S,Did Not Survive
Dataset 1,1117,3,0,"Slabenoff, Mr. Petco",male,,0.0,7.8958,S,Did Not Survive
Dataset 1,1118,2,1,"Slayter, Miss. Hilda Mary",female,30.0,0.0,12.35,Q,Survived
Dataset 1,1119,2,0,"Slemen, Mr. Richard James",male,35.0,0.0,10.5,S,Did Not Survive
Dataset 1,1120,3,0,"Slocovski, Mr. Selman Francis",male,,0.0,8.05,S,Did Not Survive
Dataset 1,1121,1,1,"Sloper, Mr. William Thompson",male,28.0,0.0,35.5,S,Survived
Dataset 1,1122,1,0,"Smart, Mr. John Montgomery",male,56.0,0.0,26.55,S,Did Not Survive
Dataset 1,1123,3,0,"Smiljanic, Mr. Mile",male,,0.0,8.6625,S,Did Not Survive
Dataset 1,1124,2,1,"Smith, Miss. Marion Elsie",female,40.0,0.0,13.0,S,Survived
Dataset 1,1125,1,0,"Smith, Mr. James Clinch",male,56.0,0.0,30.6958,C,Did Not Survive
Dataset 1,1126,1,0,"Smith, Mr. Lucien Philip",male,24.0,1.0,60.0,S,Did Not Survive
Dataset 1,1127,1,0,"Smith, Mr. Richard William",male,,0.0,26.0,S,Did Not Survive
Dataset 1,1128,3,0,"Smith, Mr. Thomas",male,,0.0,7.75,Q,Did Not Survive
Dataset 1,1129,1,1,"Smith, Mrs. Lucien Philip (Mary Eloise Hughes)",female,18.0,1.0,60.0,S,Survived
Dataset 1,1130,3,1,"Smyth, Miss. Julia",female,,0.0,7.7333,Q,Survived
Dataset 1,1131,1,1,"Snyder, Mr. John Pillsbury",male,24.0,1.0,82.2667,S,Survived
Dataset 1,1132,1,1,"Snyder, Mrs. John Pillsbury (Nelle Stevenson)",female,23.0,1.0,82.2667,S,Survived
Dataset 1,1133,2,0,"Sobey, Mr. Samuel James Hayden",male,25.0,0.0,13.0,S,Did Not Survive
Dataset 1,1134,3,0,"Soholt, Mr. Peter Andreas Lauritz Andersen",male,19.0,0.0,7.65,S,Did Not Survive
Dataset 1,1135,3,0,"Somerton, Mr. Francis William",male,30.0,0.0,8.05,S,Did Not Survive
Dataset 1,1136,3,0,"Spector, Mr. Woolf",male,,0.0,8.05,S,Did Not Survive
Dataset 1,1137,1,1,"Spedden, Master. Robert Douglas",male,6.0,2.0,134.5,C,Survived
Dataset 1,1138,1,1,"Spedden, Mr. Frederic Oakley",male,45.0,2.0,134.5,C,Survived
Dataset 1,1139,1,1,"Spedden, Mrs. Frederic Oakley (Margaretta Corning Stone)",female,40.0,2.0,134.5,C,Survived
Dataset 1,1140,1,0,"Spencer, Mr. William Augustus",male,57.0,1.0,146.5208,C,Did Not Survive
Dataset 1,1141,1,1,"Spencer, Mrs. William Augustus (Marie Eugenie)",female,,1.0,146.5208,C,Survived
Dataset 1,1142,3,0,"Spinner, Mr. Henry John",male,32.0,0.0,8.05,S,Did Not Survive
Dataset 1,1143,1,1,"Stahelin-Maeglin, Dr. Max",male,32.0,0.0,30.5,C,Survived
Dataset 1,1144,3,0,"Staneff, Mr. Ivan",male,,0.0,7.8958,S,Did Not Survive
Dataset 1,1145,3,0,"Stankovic, Mr. Ivan",male,33.0,0.0,8.6625,C,Did Not Survive
Dataset 1,1146,3,1,"Stanley, Miss. Amy Zillah Elsie",female,23.0,0.0,7.55,S,Survived
Dataset 1,1147,3,0,"Stanley, Mr. Edward Roland",male,21.0,0.0,8.05,S,Did Not Survive
Dataset 1,1148,2,0,"Stanton, Mr. Samuel Ward",male,41.0,0.0,15.0458,C,Did Not Survive
Dataset 1,1149,1,0,"Stead, Mr. William Thomas",male,62.0,0.0,26.55,S,Did Not Survive
Dataset 1,1150,1,1,"Stengel, Mr. Charles Emil Henry",male,54.0,1.0,55.4417,C,Survived
Dataset 1,1151,1,1,"Stengel, Mrs. Charles Emil Henry (Annie May Morris)",female,43.0,1.0,55.4417,C,Survived
Dataset 1,1152,1,1,"Stephenson, Mrs. Walter Bertram (Martha Eustis)",female,52.0,1.0,78.2667,C,Survived
Dataset 1,1153,1,0,"Stewart, Mr. Albert A",male,,0.0,27.7208,C,Did Not Survive
Dataset 1,1154,2,0,"Stokes, Mr. Philip Joseph",male,25.0,0.0,10.5,S,Did Not Survive
Dataset 1,1155,1,1,"Stone, Mrs. George Nelson (Martha Evelyn)",female,62.0,,80.0,,Survived
Dataset 1,1156,3,0,"Storey, Mr. Thomas",male,60.5,0.0,,S,Did Not Survive
Dataset 1,1157,3,0,"Stoytcheff, Mr. Ilia",male,19.0,0.0,7.8958,S,Did Not Survive
Dataset 1,1158,3,0,"Strandberg, Miss. Ida Sofia",female,22.0,0.0,9.8375,S,Did Not Survive
Dataset 1,1159,3,1,"Stranden, Mr. Juho",male,31.0,0.0,7.925,S,Survived
Dataset 1,1160,1,0,"Straus, Mr. Isidor",male,67.0,1.0,221.7792,S,Did Not Survive
Dataset 1,1161,1,0,"Straus, Mrs. Isidor (Rosalie Ida Blun)",female,63.0,1.0,221.7792,S,Did Not Survive
Dataset 1,1162,3,0,"Strilic, Mr. Ivan",male,27.0,0.0,8.6625,S,Did Not Survive
Dataset 1,1163,3,0,"Strom, Miss. Telma Matilda",female,2.0,1.0,10.4625,S,Did Not Survive
Dataset 1,1164,3,0,"Strom, Mrs. Wilhelm (Elna Matilda Persson)",female,29.0,2.0,10.4625,S,Did Not Survive
Dataset 1,1165,3,1,"Sunderland, Mr. Victor Francis",male,16.0,0.0,8.05,S,Survived
Dataset 1,1166,3,1,"Sundman, Mr. Johan Julian",male,44.0,0.0,7.925,S,Survived
Dataset 1,1167,3,0,"Sutehall, Mr. Henry Jr",male,25.0,0.0,7.05,S,Did Not Survive
Dataset 1,1168,1,0,"Sutton, Mr. Frederick",male,61.0,0.0,32.3208,S,Did Not Survive
Dataset 1,1169,3,0,"Svensson, Mr. Johan",male,74.0,0.0,7.775,S,Did Not Survive
Dataset 1,1170,3,1,"Svensson, Mr. Johan Cervin",male,14.0,0.0,9.225,S,Survived
Dataset 1,1171,3,0,"Svensson, Mr. Olof",male,24.0,0.0,7.7958,S,Did Not Survive
Dataset 1,1172,2,0,"Swane, Mr. George",male,18.5,0.0,13.0,S,Did Not Survive
Dataset 1,1173,2,0,"Sweet, Mr. George Frederick",male,14.0,0.0,65.0,S,Did Not Survive
Dataset 1,1174,1,1,"Swift, Mrs. Frederick Joel (Margaret Welles Barron)",female,48.0,0.0,25.9292,S,Survived
Dataset 1,1175,1,1,"Taussig, Miss. Ruth",female,18.0,2.0,79.65,S,Survived
Dataset 1,1176,1,0,"Taussig, Mr. Emil",male,52.0,2.0,79.65,S,Did Not Survive
Dataset 1,1177,1,1,"Taussig, Mrs. Emil (Tillie Mandelbaum)",female,39.0,2.0,79.65,S,Survived
Dataset 1,1178,1,1,"Taylor, Mr. Elmer Zebley",male,48.0,1.0,52.0,S,Survived
Dataset 1,1179,1,1,"Taylor, Mrs. Elmer Zebley (Juliet Cummins Wright)",female,,1.0,52.0,S,Survived
Dataset 1,1180,3,1,"Tenglin, Mr. Gunnar Isidor",male,25.0,0.0,7.7958,S,Survived
Dataset 1,1181,1,0,"Thayer, Mr. John Borland",male,49.0,2.0,110.8833,C,Did Not Survive
Dataset 1,1182,1,1,"Thayer, Mr. John Borland Jr",male,17.0,2.0,110.8833,C,Survived
Dataset 1,1183,1,1,"Thayer, Mrs. John Borland (Marian Longstreth Morris)",female,39.0,2.0,110.8833,C,Survived
Dataset 1,1184,3,0,"Theobald, Mr. Thomas Leonard",male,34.0,0.0,8.05,S,Did Not Survive
Dataset 1,1185,3,1,"Thomas, Master. Assad Alexander",male,,1.0,8.5167,C,Survived
Dataset 1,1186,3,0,"Thomas, Mr. Charles P",male,,1.0,6.4375,C,Did Not Survive
Dataset 1,1187,3,0,"Thomas, Mr. John",male,,0.0,6.4375,C,Did Not Survive
Dataset 1,1188,3,0,"Thomas, Mr. Tannous",male,,0.0,7.225,C,Did Not Survive
Dataset 1,1189,3,1,"Thomas, Mrs. Alexander (Thamine ""Thelma"")",female,16.0,2.0,8.5167,C,Survived
Dataset 1,1190,3,0,"Thomson, Mr. Alexander Morrison",male,,0.0,8.05,S,Did Not Survive
Dataset 1,1191,1,1,"Thorne, Mrs. Gertrude Maybelle",female,,0.0,79.2,C,Survived
Dataset 1,1192,3,0,"Thorneycroft, Mr. Percival",male,,1.0,16.1,S,Did Not Survive
Dataset 1,1193,3,1,"Thorneycroft, Mrs. Percival (Florence Kate White)",female,,1.0,16.1,S,Survived
Dataset 1,1194,3,0,"Tikkanen, Mr. Juho",male,32.0,0.0,7.925,S,Did Not Survive
Dataset 1,1195,3,0,"Tobin, Mr. Roger",male,,0.0,7.75,Q,Did Not Survive
Dataset 1,1196,3,0,"Todoroff, Mr. Lalio",male,,0.0,7.8958,S,Did Not Survive
Dataset 1,1197,3,0,"Tomlin, Mr. Ernest Portage",male,30.5,0.0,8.05,S,Did Not Survive
Dataset 1,1198,2,1,"Toomey, Miss. Ellen",female,50.0,0.0,10.5,S,Survived
Dataset 1,1199,3,0,"Torber, Mr. Ernst William",male,44.0,0.0,8.05,S,Did Not Survive
Dataset 1,1200,3,0,"Torfa, Mr. Assad",male,,0.0,7.2292,C,Did Not Survive
Dataset 1,1201,3,1,"Tornquist, Mr. William Henry",male,25.0,0.0,0.0,S,Survived
Dataset 1,1202,3,0,"Toufik, Mr. Nakli",male,,0.0,7.2292,C,Did Not Survive
Dataset 1,1203,3,1,"Touma, Master. Georges Youssef",male,7.0,2.0,15.2458,C,Survived
Dataset 1,1204,3,1,"Touma, Miss. Maria Youssef",female,9.0,2.0,15.2458,C,Survived
Dataset 1,1205,3,1,"Touma, Mrs. Darwis (Hanne Youssef Razi)",female,29.0,2.0,15.2458,C,Survived
Dataset 1,1206,2,0,"Troupiansky, Mr. Moses Aaron",male,23.0,0.0,13.0,S,Did Not Survive
Dataset 1,1207,2,1,"Trout, Mrs. William H (Jessie L)",female,28.0,0.0,12.65,S,Survived
Dataset 1,1208,2,1,"Troutt, Miss. Edwina Celia ""Winnie""",female,27.0,0.0,10.5,S,Survived
Dataset 1,1209,1,1,"Tucker, Mr. Gilbert Milligan Jr",male,31.0,0.0,28.5375,C,Survived
Dataset 1,1210,3,0,"Turcin, Mr. Stjepan",male,36.0,0.0,7.8958,S,Did Not Survive
Dataset 1,1211,3,1,"Turja, Miss. Anna Sofia",female,18.0,0.0,9.8417,S,Survived
Dataset 1,1212,3,1,"Turkula, Mrs. (Hedwig)",female,63.0,0.0,9.5875,S,Survived
Dataset 1,1213,2,0,"Turpin, Mr. William John Robert",male,29.0,1.0,21.0,S,Did Not Survive
Dataset 1,1214,2,0,"Turpin, Mrs. William John Robert (Dorothy Ann Wonnacott)",female,27.0,1.0,21.0,S,Did Not Survive
Dataset 1,1215,1,0,"Uruchurtu, Don. Manuel E",male,40.0,0.0,27.7208,C,Did Not Survive
Dataset 1,1216,3,0,"van Billiard, Master. James William",male,,2.0,14.5,,Did Not Survive
Dataset 1,1217,3,0,"van Billiard, Master. Walter John",male,11.5,2.0,14.5,S,Did Not Survive
Dataset 1,1218,3,0,"van Billiard, Mr. Austin Blyler",male,40.5,2.0,14.5,S,Did Not Survive
Dataset 1,1219,1,0,"Van der hoef, Mr. Wyckoff",male,61.0,0.0,33.5,S,Did Not Survive
Dataset 1,1220,3,0,"Van Impe, Miss. Catharina",female,10.0,2.0,24.15,S,Did Not Survive
Dataset 1,1221,3,0,"Van Impe, Mr. Jean Baptiste",male,36.0,2.0,24.15,S,Did Not Survive
Dataset 1,1222,3,0,"Van Impe, Mrs. Jean Baptiste (Rosalie Paula Govaert)",female,30.0,2.0,24.15,S,Did Not Survive
Dataset 1,1223,3,0,"van Melkebeke, Mr. Philemon",male,,0.0,9.5,,Did Not Survive
Dataset 1,1224,3,0,"Vande Velde, Mr. Johannes Joseph",male,33.0,0.0,9.5,S,Did Not Survive
Dataset 1,1225,3,0,"Vande Walle, Mr. Nestor Cyriel",male,28.0,0.0,9.5,S,Did Not Survive
Dataset 1,1226,3,0,"Vanden Steen, Mr. Leo Peter",male,28.0,0.0,9.5,S,Did Not Survive
Dataset 1,1227,3,0,"Vander Cruyssen, Mr. Victor",male,47.0,0.0,9.0,S,Did Not Survive
Dataset 1,1228,3,0,"Vander Planke, Miss. Augusta Maria",female,18.0,2.0,18.0,S,Did Not Survive
Dataset 1,1229,3,0,"Vander Planke, Mr. Julius",male,31.0,3.0,18.0,S,Did Not Survive
Dataset 1,1230,3,0,"Vander Planke, Mr. Leo Edmondus",male,16.0,2.0,18.0,S,Did Not Survive
Dataset 1,1231,3,0,"Vander Planke, Mrs. Julius (Emelia Maria Vandemoortele)",female,31.0,1.0,18.0,S,Did Not Survive
Dataset 1,1232,3,1,"Vartanian, Mr. David",male,22.0,0.0,7.225,C,Survived
Dataset 1,1233,2,0,"Veal, Mr. James",male,40.0,0.0,13.0,S,Did Not Survive
Dataset 1,1234,3,0,"Vendel, Mr. Olof Edvin",male,20.0,0.0,7.8542,S,Did Not Survive
Dataset 1,1235,3,0,"Vestrom, Miss. Hulda Amanda Adolfina",female,14.0,0.0,7.8542,S,Did Not Survive
Dataset 1,1236,3,0,"Vovk, Mr. Janko",male,22.0,0.0,7.8958,S,Did Not Survive
Dataset 1,1237,3,0,"Waelens, Mr. Achille",male,22.0,0.0,9.0,S,Did Not Survive
Dataset 1,1238,2,1,"Walcroft, Miss. Nellie",female,31.0,0.0,21.0,S,Survived
Dataset 1,1239,1,0,"Walker, Mr. William Anderson",male,47.0,0.0,34.0208,S,Did Not Survive
Dataset 1,1240,1,1,"Ward, Miss. Anna",female,35.0,0.0,512.3292,C,Survived
Dataset 1,1241,3,0,"Ware, Mr. Frederick",male,,0.0,8.05,S,Did Not Survive
Dataset 1,1242,2,0,"Ware, Mr. John James",male,30.0,1.0,21.0,S,Did Not Survive
Dataset 1,1243,2,0,"Ware, Mr. William Jeffery",male,23.0,1.0,10.5,S,Did Not Survive
Dataset 1,1244,2,1,"Ware, Mrs. John James (Florence Louise Long)",female,31.0,0.0,21.0,S,Survived
Dataset 1,1245,1,0,"Warren, Mr. Frank Manley",male,64.0,1.0,75.25,C,Did Not Survive
Dataset 1,1246,1,1,"Warren, Mrs. Frank Manley (Anna Sophia Atkinson)",female,60.0,1.0,75.25,C,Survived
Dataset 1,1247,2,0,"Watson, Mr. Ennis Hastings",male,,0.0,0.0,S,Did Not Survive
Dataset 1,1248,2,1,"Watt, Miss. Bertha J",female,12.0,0.0,15.75,S,Survived
Dataset 1,1249,2,1,"Watt, Mrs. James (Elizabeth ""Bessie"" Inglis Milne)",female,40.0,0.0,15.75,S,Survived
Dataset 1,1250,2,1,"Webber, Miss. Susan",female,32.5,0.0,13.0,S,Survived
Dataset 1,1251,1,0,"Weir, Col. John",male,60.0,0.0,26.55,S,Did Not Survive
Dataset 1,1252,2,0,"Weisz, Mr. Leopold",male,27.0,1.0,26.0,S,Did Not Survive
Dataset 1,1253,2,1,"Weisz, Mrs. Leopold (Mathilde Francoise Pede)",female,29.0,1.0,26.0,S,Survived
Dataset 1,1254,2,1,"Wells, Master. Ralph Lester",male,2.0,2.0,23.0,S,Survived
Dataset 1,1255,2,1,"Wells, Miss. Joan",female,4.0,2.0,23.0,S,Survived
Dataset 1,1256,2,1,"Wells, Mrs. Arthur Henry (""Addie"" Dart Trevaskis)",female,29.0,2.0,23.0,S,Survived
Dataset 1,1257,3,0,"Wenzel, Mr. Linhart",male,32.5,0.0,9.5,S,Did Not Survive
Dataset 1,1258,2,1,"West, Miss. Barbara J",female,0.92,3.0,27.75,S,Survived
Dataset 1,1259,2,1,"West, Miss. Constance Mirium",female,5.0,3.0,27.75,S,Survived
Dataset 1,1260,2,0,"West, Mr. Edwy Arthur",male,36.0,3.0,27.75,S,Did Not Survive
Dataset 1,1261,2,1,"West, Mrs. Edwy Arthur (Ada Mary Worth)",female,33.0,3.0,27.75,S,Survived
Dataset 1,1262,3,1,"Whabee, Mrs. George Joseph (Shawneene Abi-Saab)",female,38.0,0.0,7.2292,C,Survived
Dataset 1,1263,2,0,"Wheadon, Mr. Edward H",male,66.0,0.0,10.5,S,Did Not Survive
Dataset 1,1264,2,0,"Wheeler, Mr. Edwin ""Frederick""",male,,0.0,12.875,S,Did Not Survive
Dataset 1,1265,1,0,"White, Mr. Percival Wayland",male,54.0,1.0,77.2875,S,Did Not Survive
Dataset 1,1266,1,0,"White, Mr. Richard Frasar",male,21.0,1.0,77.2875,S,Did Not Survive
Dataset 1,1267,1,1,"White, Mrs. John Stuart (Ella Holmes)",female,55.0,0.0,135.6333,C,Survived
Dataset 1,1268,1,1,"Wick, Miss. Mary Natalie",female,31.0,2.0,164.8667,S,Survived
Dataset 1,1269,1,0,"Wick, Mr. George Dennick",male,57.0,2.0,164.8667,S,Did Not Survive
Dataset 1,1270,1,1,"Wick, Mrs. George Dennick (Mary Hitchcock)",female,45.0,2.0,164.8667,S,Survived
Dataset 1,1271,3,0,"Widegren, Mr. Carl/Charles Peter",male,51.0,0.0,7.75,S,Did Not Survive
Dataset 1,1272,1,0,"Widener, Mr. George Dunton",male,50.0,2.0,211.5,C,Did Not Survive
Dataset 1,1273,1,0,"Widener, Mr. Harry Elkins",male,27.0,2.0,211.5,C,Did Not Survive
Dataset 1,1274,1,1,"Widener, Mrs. George Dunton (Eleanor Elkins)",female,50.0,2.0,211.5,C,Survived
Dataset 1,1275,3,0,"Wiklund, Mr. Jakob Alfred",male,18.0,1.0,6.4958,S,Did Not Survive
Dataset 1,1276,3,0,"Wiklund, Mr. Karl Johan",male,21.0,1.0,6.4958,S,Did Not Survive
Dataset 1,1277,2,1,"Wilhelms, Mr. Charles",male,31.0,0.0,13.0,S,Survived
Dataset 1,1278,3,1,"Wilkes, Mrs. James (Ellen Needs)",female,47.0,1.0,7.0,S,Survived
Dataset 1,1279,1,1,"Willard, Miss. Constance",female,21.0,0.0,26.55,S,Survived
Dataset 1,1280,1,0,"Williams, Mr. Charles Duane",male,51.0,1.0,61.3792,C,Did Not Survive
Dataset 1,1281,2,1,"Williams, Mr. Charles Eugene",male,,0.0,13.0,S,Survived
Dataset 1,1282,3,0,"Williams, Mr. Leslie",male,28.5,0.0,16.1,S,Did Not Survive
Dataset 1,1283,1,1,"Williams, Mr. Richard Norris II",male,21.0,1.0,61.3792,C,Survived
Dataset 1,1284,1,0,"Williams-Lambert, Mr. Fletcher Fellows",male,,0.0,35.0,S,Did Not Survive
Dataset 1,1285,1,1,"Wilson, Miss. Helen Alice",female,31.0,0.0,134.5,C,Survived
Dataset 1,1286,3,0,"Windelov, Mr. Einar",male,21.0,0.0,7.25,S,Did Not Survive
Dataset 1,1287,3,0,"Wirz, Mr. Albert",male,27.0,0.0,8.6625,S,Did Not Survive
Dataset 1,1288,3,0,"Wittevrongel, Mr. Camille",male,36.0,0.0,9.5,S,Did Not Survive
Dataset 1,1289,1,1,"Woolner, Mr. Hugh",male,,0.0,35.5,S,Survived
Dataset 1,1290,2,1,"Wright, Miss. Marion",female,26.0,0.0,13.5,S,Survived
Dataset 1,1291,1,0,"Wright, Mr. George",male,62.0,0.0,26.55,S,Did Not Survive
Dataset 1,1292,3,0,"Yasbeck, Mr. Antoni",male,27.0,1.0,14.4542,C,Did Not Survive
Dataset 1,1293,3,1,"Yasbeck, Mrs. Antoni (Selini Alexander)",female,15.0,1.0,14.4542,C,Survived
Dataset 1,1294,1,1,"Young, Miss. Marie Grice",female,36.0,0.0,135.6333,C,Survived
Dataset 1,1295,3,0,"Youseff, Mr. Gerious",male,45.5,0.0,7.225,C,Did Not Survive
Dataset 1,1296,2,0,"Yrois, Miss. Henriette (""Mrs Harbeck"")",female,24.0,0.0,13.0,S,Did Not Survive
Dataset 1,1297,3,0,"Zabour, Miss. Hileni",female,14.5,1.0,14.4542,C,Did Not Survive
Dataset 1,1298,3,0,"Zakarian, Mr. Mapriededer",male,26.5,0.0,7.225,C,Did Not Survive
Dataset 1,1299,3,0,"Zakarian, Mr. Ortin",male,27.0,0.0,7.225,C,Did Not Survive
Dataset 1,1300,3,0,"Zimmerman, Mr. Leo",male,29.0,0.0,7.875,S,Did Not Survive
Dataset 2,24160,1,1,"Allen, Miss. Elisabeth Walton",female,29.0,0.0,211.3375,S,Survived
Dataset 2,113781,1,1,"Allison, Master. Hudson Trevor",male,0.92,3.0,151.55,S,Survived
Dataset 2,113781,1,0,"Allison, Miss. Helen Loraine",female,2.0,3.0,151.55,S,Did Not Survive
Dataset 2,113781,1,0,"Allison, Mr. Hudson Joshua Creighton",male,30.0,3.0,151.55,S,Did Not Survive
Dataset 2,113781,1,0,"Allison, Mrs. Hudson J C (Bessie Waldo Daniels)",female,25.0,3.0,151.55,S,Did Not Survive
Dataset 2,19952,1,1,"Anderson, Mr. Harry",male,48.0,0.0,26.55,S,Survived
Dataset 2,13502,1,1,"Andrews, Miss. Kornelia Theodosia",female,63.0,1.0,77.9583,S,Survived
Dataset 2,112050,1,0,"Andrews, Mr. Thomas Jr",male,39.0,0.0,0.0,S,Did Not Survive
Dataset 2,11769,1,1,"Appleton, Mrs. Edward Dale (Charlotte Lamson)",female,53.0,2.0,51.4792,S,Survived
Dataset 2,PC 17609,1,0,"Artagaveytia, Mr. Ramon",male,71.0,0.0,49.5042,C,Did Not Survive
Dataset 2,PC 17757,1,0,"Astor, Col. John Jacob",male,47.0,1.0,227.525,C,Did Not Survive
Dataset 2,PC 17757,1,1,"Astor, Mrs. John Jacob (Madeleine Talmadge Force)",female,18.0,1.0,227.525,C,Survived
Dataset 2,PC 17477,1,1,"Aubart, Mme. Leontine Pauline",female,24.0,0.0,69.3,C,Survived
Dataset 2,19877,1,1,"Barber, Miss. Ellen ""Nellie""",female,26.0,0.0,78.85,S,Survived
Dataset 2,27042,1,1,"Barkworth, Mr. Algernon Henry Wilson",male,80.0,0.0,30.0,S,Survived
Dataset 2,PC 17318,1,0,"Baumann, Mr. John D",male,,0.0,25.925,S,Did Not Survive
Dataset 2,PC 17558,1,0,"Baxter, Mr. Quigg Edmond",male,24.0,1.0,247.5208,C,Did Not Survive
Dataset 2,PC 17558,1,1,"Baxter, Mrs. James (Helene DeLaudeniere Chaput)",female,50.0,1.0,247.5208,C,Survived
Dataset 2,11813,1,1,"Bazzani, Miss. Albina",female,32.0,0.0,76.2917,C,Survived
Dataset 2,13050,1,0,"Beattie, Mr. Thomson",male,36.0,0.0,75.2417,C,Did Not Survive
Dataset 2,11751,1,1,"Beckwith, Mr. Richard Leonard",male,37.0,2.0,52.5542,S,Survived
Dataset 2,11751,1,1,"Beckwith, Mrs. Richard Leonard (Sallie Monypeny)",female,47.0,2.0,52.5542,S,Survived
Dataset 2,111369,1,1,"Behr, Mr. Karl Howell",male,26.0,0.0,30.0,C,Survived
Dataset 2,PC 17757,1,1,"Bidois, Miss. Rosalie",female,42.0,0.0,227.525,C,Survived
Dataset 2,PC 17483,1,1,"Bird, Miss. Ellen",female,29.0,0.0,221.7792,S,Survived
Dataset 2,13905,1,0,"Birnbaum, Mr. Jakob",male,25.0,0.0,26.0,C,Did Not Survive
Dataset 2,11967,1,1,"Bishop, Mr. Dickinson H",male,25.0,1.0,91.0792,C,Survived
Dataset 2,11967,1,1,"Bishop, Mrs. Dickinson H (Helen Walton)",female,19.0,1.0,91.0792,C,Survived
Dataset 2,PC 17760,1,1,"Bissette, Miss. Amelia",female,35.0,0.0,135.6333,S,Survived
Dataset 2,110564,1,1,"Bjornstrom-Steffansson, Mr. Mauritz Hakan",male,28.0,0.0,26.55,S,Survived
Dataset 2,113784,1,0,"Blackwell, Mr. Stephen Weart",male,45.0,0.0,35.5,S,Did Not Survive
Dataset 2,112277,1,1,"Blank, Mr. Henry",male,40.0,0.0,31.0,C,Survived
Dataset 2,36928,1,1,"Bonnell, Miss. Caroline",female,30.0,0.0,164.8667,S,Survived
Dataset 2,113783,1,1,"Bonnell, Miss. Elizabeth",female,58.0,0.0,26.55,S,Survived
Dataset 2,110489,1,0,"Borebank, Mr. John James",male,42.0,0.0,26.55,S,Did Not Survive
Dataset 2,PC 17608,1,1,"Bowen, Miss. Grace Scott",female,45.0,0.0,262.375,C,Survived
Dataset 2,113505,1,1,"Bowerman, Miss. Elsie Edith",female,22.0,1.0,55.0,S,Survived
Dataset 2,111427,1,1,"Bradley, Mr. George (""George Arthur Brayton"")",male,,0.0,26.55,S,Survived
Dataset 2,113054,1,0,"Brady, Mr. John Bertram",male,41.0,0.0,30.5,S,Did Not Survive
Dataset 2,PC 17591,1,0,"Brandeis, Mr. Emil",male,48.0,0.0,50.4958,C,Did Not Survive
Dataset 2,112379,1,0,"Brewe, Dr. Arthur Jackson",male,,0.0,39.6,C,Did Not Survive
Dataset 2,PC 17610,1,1,"Brown, Mrs. James Joseph (Margaret Tobin)",female,44.0,0.0,27.7208,C,Survived
Dataset 2,11769,1,1,"Brown, Mrs. John Murray (Caroline Lane Lamson)",female,59.0,2.0,51.4792,S,Survived
Dataset 2,11813,1,1,"Bucknell, Mrs. William Robert (Emma Eliza Ward)",female,60.0,0.0,76.2917,C,Survived
Dataset 2,16966,1,1,"Burns, Miss. Elizabeth Margaret",female,41.0,0.0,134.5,C,Survived
Dataset 2,113050,1,0,"Butt, Major. Archibald Willingham",male,45.0,0.0,26.55,S,Did Not Survive
Dataset 2,113798,1,0,"Cairns, Mr. Alexander",male,,0.0,31.0,S,Did Not Survive
Dataset 2,PC 17476,1,1,"Calderhead, Mr. Edward Pennington",male,42.0,0.0,26.2875,S,Survived
Dataset 2,PC 17606,1,1,"Candee, Mrs. Edward (Helen Churchill Hungerford)",female,53.0,0.0,27.4458,C,Survived
Dataset 2,PC 17755,1,1,"Cardeza, Mr. Thomas Drake Martinez",male,36.0,1.0,512.3292,C,Survived
Dataset 2,PC 17755,1,1,"Cardeza, Mrs. James Warburton Martinez (Charlotte Wardle Drake)",female,58.0,1.0,512.3292,C,Survived
Dataset 2,695,1,0,"Carlsson, Mr. Frans Olof",male,33.0,0.0,5.0,S,Did Not Survive
Dataset 2,113059,1,0,"Carrau, Mr. Francisco M",male,28.0,0.0,47.1,S,Did Not Survive
Dataset 2,113059,1,0,"Carrau, Mr. Jose Pedro",male,17.0,0.0,47.1,S,Did Not Survive
Dataset 2,113760,1,1,"Carter, Master. William Thornton II",male,11.0,3.0,120.0,S,Survived
Dataset 2,113760,1,1,"Carter, Miss. Lucile Polk",female,14.0,3.0,120.0,S,Survived
Dataset 2,113760,1,1,"Carter, Mr. William Ernest",male,36.0,3.0,120.0,S,Survived
Dataset 2,113760,1,1,"Carter, Mrs. William Ernest (Lucile Polk)",female,36.0,3.0,120.0,S,Survived
Dataset 2,19924,1,0,"Case, Mr. Howard Brown",male,49.0,0.0,26.0,S,Did Not Survive
Dataset 2,17770,1,1,"Cassebeer, Mrs. Henry Arthur Jr (Eleanor Genevieve Fosdick)",female,,0.0,27.7208,C,Survived
Dataset 2,19877,1,0,"Cavendish, Mr. Tyrell William",male,36.0,1.0,78.85,S,Did Not Survive
Dataset 2,19877,1,1,"Cavendish, Mrs. Tyrell William (Julia Florence Siegel)",female,76.0,1.0,78.85,S,Survived
Dataset 2,W.E.P. 5734,1,0,"Chaffee, Mr. Herbert Fuller",male,46.0,1.0,61.175,S,Did Not Survive
Dataset 2,W.E.P. 5734,1,1,"Chaffee, Mrs. Herbert Fuller (Carrie Constance Toogood)",female,47.0,1.0,61.175,S,Survived
Dataset 2,113806,1,1,"Chambers, Mr. Norman Campbell",male,27.0,1.0,53.1,S,Survived
Dataset 2,113806,1,1,"Chambers, Mrs. Norman Campbell (Bertha Griggs)",female,33.0,1.0,53.1,S,Survived
Dataset 2,PC 17608,1,1,"Chaudanson, Miss. Victorine",female,36.0,0.0,262.375,C,Survived
Dataset 2,110152,1,1,"Cherry, Miss. Gladys",female,30.0,0.0,86.5,S,Survived
Dataset 2,PC 17594,1,1,"Chevre, Mr. Paul Romaine",male,45.0,0.0,29.7,C,Survived
Dataset 2,113505,1,1,"Chibnall, Mrs. (Edith Martha Bowerman)",female,,1.0,55.0,S,Survived
Dataset 2,112051,1,0,"Chisholm, Mr. Roderick Robert Crispin",male,,0.0,0.0,S,Did Not Survive
Dataset 2,13508,1,0,"Clark, Mr. Walter Miller",male,27.0,1.0,136.7792,C,Did Not Survive
Dataset 2,13508,1,1,"Clark, Mrs. Walter Miller (Virginia McDowell)",female,26.0,1.0,136.7792,C,Survived
Dataset 2,113781,1,1,"Cleaver, Miss. Alice",female,22.0,0.0,151.55,S,Survived
Dataset 2,110465,1,0,"Clifford, Mr. George Quincy",male,,0.0,52.0,S,Did Not Survive
Dataset 2,5727,1,0,"Colley, Mr. Edward Pomeroy",male,47.0,0.0,25.5875,S,Did Not Survive
Dataset 2,PC 17756,1,1,"Compton, Miss. Sara Rebecca",female,39.0,2.0,83.1583,C,Survived
Dataset 2,PC 17756,1,0,"Compton, Mr. Alexander Taylor Jr",male,37.0,2.0,83.1583,C,Did Not Survive
Dataset 2,PC 17756,1,1,"Compton, Mrs. Alexander Taylor (Mary Eliza Ingersoll)",female,64.0,2.0,83.1583,C,Survived
Dataset 2,11770,1,1,"Cornell, Mrs. Robert Clifford (Malvina Helen Lamson)",female,55.0,2.0,25.7,S,Survived
Dataset 2,113791,1,0,"Crafton, Mr. John Bertram",male,,0.0,26.55,S,Did Not Survive
Dataset 2,WE/P 5735,1,0,"Crosby, Capt. Edward Gifford",male,70.0,2.0,71.0,S,Did Not Survive
Dataset 2,WE/P 5735,1,1,"Crosby, Miss. Harriet R",female,36.0,2.0,71.0,S,Survived
Dataset 2,112901,1,1,"Crosby, Mrs. Edward Gifford (Catherine Elizabeth Halstead)",female,64.0,2.0,26.55,S,Survived
Dataset 2,PC 17599,1,0,"Cumings, Mr. John Bradley",male,39.0,1.0,71.2833,C,Did Not Survive
Dataset 2,PC 17599,1,1,"Cumings, Mrs. John Bradley (Florence Briggs Thayer)",female,38.0,1.0,71.2833,C,Survived
Dataset 2,113055,1,1,"Daly, Mr. Peter Denis",male,51.0,0.0,26.55,S,Survived
Dataset 2,113804,1,1,"Daniel, Mr. Robert Williams",male,27.0,0.0,30.5,S,Survived
Dataset 2,113781,1,1,"Daniels, Miss. Sarah",female,33.0,0.0,151.55,S,Survived
Dataset 2,F.C. 12750,1,0,"Davidson, Mr. Thornton",male,31.0,1.0,52.0,S,Did Not Survive
Dataset 2,F.C. 12750,1,1,"Davidson, Mrs. Thornton (Orian Hays)",female,27.0,3.0,52.0,S,Survived
Dataset 2,17474,1,1,"Dick, Mr. Albert Adrian",male,31.0,1.0,57.0,S,Survived
Dataset 2,17474,1,1,"Dick, Mrs. Albert Adrian (Vera Gillespie)",female,17.0,1.0,57.0,S,Survived
Dataset 2,33638,1,1,"Dodge, Dr. Washington",male,53.0,2.0,81.8583,S,Survived
Dataset 2,33638,1,1,"Dodge, Master. Washington",male,4.0,2.0,81.8583,S,Survived
Dataset 2,33638,1,1,"Dodge, Mrs. Washington (Ruth Vidaver)",female,54.0,2.0,81.8583,S,Survived
Dataset 2,PC 17761,1,0,"Douglas, Mr. Walter Donald",male,50.0,1.0,106.425,C,Did Not Survive
Dataset 2,PC 17558,1,1,"Douglas, Mrs. Frederick Charles (Mary Helene Baxter)",female,27.0,2.0,247.5208,C,Survived
Dataset 2,PC 17761,1,1,"Douglas, Mrs. Walter Donald (Mahala Dutton)",female,48.0,1.0,106.425,C,Survived
Dataset 2,11755,1,1,"Duff Gordon, Lady. (Lucille Christiana Sutherland) (""Mrs Morgan"")",female,48.0,1.0,39.6,C,Survived
Dataset 2,PC 17485,1,1,"Duff Gordon, Sir. Cosmo Edmund (""Mr Morgan"")",male,49.0,1.0,56.9292,C,Survived
Dataset 2,PC 17580,1,0,"Dulles, Mr. William Crothers",male,39.0,0.0,29.7,C,Did Not Survive
Dataset 2,11767,1,1,"Earnshaw, Mrs. Boulton (Olive Potter)",female,23.0,1.0,83.1583,C,Survived
Dataset 2,PC 17757,1,1,"Endres, Miss. Caroline Louise",female,38.0,0.0,227.525,C,Survived
Dataset 2,36947,1,1,"Eustis, Miss. Elizabeth Mussey",female,54.0,1.0,78.2667,C,Survived
Dataset 2,PC 17531,1,0,"Evans, Miss. Edith Corse",female,36.0,0.0,31.6792,C,Did Not Survive
Dataset 2,PC 17483,1,0,"Farthing, Mr. John",male,,0.0,221.7792,S,Did Not Survive
Dataset 2,PC 17598,1,1,"Flegenheim, Mrs. Alfred (Antoinette)",female,,0.0,31.6833,S,Survived
Dataset 2,17421,1,1,"Fleming, Miss. Margaret",female,,0.0,110.8833,C,Survived
Dataset 2,PC 17474,1,1,"Flynn, Mr. John Irwin (""Irving"")",male,36.0,0.0,26.3875,S,Survived
Dataset 2,113051,1,0,"Foreman, Mr. Benjamin Laventall",male,30.0,0.0,27.75,C,Did Not Survive
Dataset 2,19950,1,1,"Fortune, Miss. Alice Elizabeth",female,24.0,5.0,263.0,S,Survived
Dataset 2,19950,1,1,"Fortune, Miss. Ethel Flora",female,28.0,5.0,263.0,S,Survived
Dataset 2,19950,1,1,"Fortune, Miss. Mabel Helen",female,23.0,5.0,263.0,S,Survived
Dataset 2,19950,1,0,"Fortune, Mr. Charles Alexander",male,19.0,5.0,263.0,S,Did Not Survive
Dataset 2,19950,1,0,"Fortune, Mr. Mark",male,64.0,5.0,263.0,S,Did Not Survive
Dataset 2,19950,1,1,"Fortune, Mrs. Mark (Mary McDougald)",female,60.0,5.0,263.0,S,Survived
Dataset 2,PC 17485,1,1,"Francatelli, Miss. Laura Mabel",female,30.0,0.0,56.9292,C,Survived
Dataset 2,113778,1,0,"Franklin, Mr. Thomas Parham",male,,0.0,26.55,S,Did Not Survive
Dataset 2,PC 17611,1,1,"Frauenthal, Dr. Henry William",male,50.0,2.0,133.65,S,Survived
Dataset 2,17765,1,1,"Frauenthal, Mr. Isaac Gerald",male,43.0,1.0,27.7208,C,Survived
Dataset 2,PC 17611,1,1,"Frauenthal, Mrs. Henry William (Clara Heinsheimer)",female,,1.0,133.65,S,Survived
Dataset 2,13568,1,1,"Frolicher, Miss. Hedwig Margaritha",female,22.0,2.0,49.5,C,Survived
Dataset 2,13567,1,1,"Frolicher-Stehli, Mr. Maxmillian",male,60.0,2.0,79.2,C,Survived
Dataset 2,13567,1,1,"Frolicher-Stehli, Mrs. Maxmillian (Margaretha Emerentia Stehli)",female,48.0,2.0,79.2,C,Survived
Dataset 2,112058,1,0,"Fry, Mr. Richard",male,,0.0,0.0,S,Did Not Survive
Dataset 2,113803,1,0,"Futrelle, Mr. Jacques Heath",male,37.0,1.0,53.1,S,Did Not Survive
Dataset 2,113803,1,1,"Futrelle, Mrs. Jacques Heath (Lily May Peel)",female,35.0,1.0,53.1,S,Survived
Dataset 2,111320,1,0,"Gee, Mr. Arthur H",male,47.0,0.0,38.5,S,Did Not Survive
Dataset 2,113503,1,1,"Geiger, Miss. Amalie",female,35.0,0.0,211.5,C,Survived
Dataset 2,112378,1,1,"Gibson, Miss. Dorothy Winifred",female,22.0,1.0,59.4,C,Survived
Dataset 2,112378,1,1,"Gibson, Mrs. Leonard (Pauline C Boeson)",female,45.0,1.0,59.4,C,Survived
Dataset 2,PC 17593,1,0,"Giglio, Mr. Victor",male,24.0,0.0,79.2,C,Did Not Survive
Dataset 2,17453,1,1,"Goldenberg, Mr. Samuel L",male,49.0,1.0,89.1042,C,Survived
Dataset 2,17453,1,1,"Goldenberg, Mrs. Samuel L (Edwiga Grabowska)",female,,1.0,89.1042,C,Survived
Dataset 2,PC 17754,1,0,"Goldschmidt, Mr. George B",male,71.0,0.0,34.6542,C,Did Not Survive
Dataset 2,113780,1,1,"Gracie, Col. Archibald IV",male,53.0,0.0,28.5,C,Survived
Dataset 2,112053,1,1,"Graham, Miss. Margaret Edith",female,19.0,0.0,30.0,S,Survived
Dataset 2,PC 17582,1,0,"Graham, Mr. George Edward",male,38.0,1.0,153.4625,S,Did Not Survive
Dataset 2,PC 17582,1,1,"Graham, Mrs. William Thompson (Edith Junkins)",female,58.0,1.0,153.4625,S,Survived
Dataset 2,PC 17759,1,1,"Greenfield, Mr. William Bertram",male,23.0,1.0,63.3583,C,Survived
Dataset 2,PC 17759,1,1,"Greenfield, Mrs. Leo David (Blanche Strouse)",female,45.0,1.0,63.3583,C,Survived
Dataset 2,PC 17593,1,0,"Guggenheim, Mr. Benjamin",male,46.0,0.0,79.2,C,Did Not Survive
Dataset 2,11765,1,1,"Harder, Mr. George Achilles",male,25.0,1.0,55.4417,C,Survived
Dataset 2,11765,1,1,"Harder, Mrs. George Achilles (Dorothy Annan)",female,25.0,1.0,55.4417,C,Survived
Dataset 2,PC 17572,1,1,"Harper, Mr. Henry Sleeper",male,48.0,1.0,76.7292,C,Survived
Dataset 2,PC 17572,1,1,"Harper, Mrs. Henry Sleeper (Myna Haxtun)",female,49.0,1.0,76.7292,C,Survived
Dataset 2,113796,1,0,"Harrington, Mr. Charles H",male,,0.0,42.4,S,Did Not Survive
Dataset 2,36973,1,0,"Harris, Mr. Henry Birkhardt",male,45.0,1.0,83.475,S,Did Not Survive
Dataset 2,36973,1,1,"Harris, Mrs. Henry Birkhardt (Irene Wallach)",female,35.0,1.0,83.475,S,Survived
Dataset 2,112059,1,0,"Harrison, Mr. William",male,40.0,0.0,0.0,S,Did Not Survive
Dataset 2,PC 17572,1,1,"Hassab, Mr. Hammad",male,27.0,0.0,76.7292,C,Survived
Dataset 2,16988,1,1,"Hawksford, Mr. Walter James",male,,0.0,30.0,S,Survived
Dataset 2,11767,1,1,"Hays, Miss. Margaret Bechstein",female,24.0,0.0,83.1583,C,Survived
Dataset 2,12749,1,0,"Hays, Mr. Charles Melville",male,55.0,2.0,93.5,S,Did Not Survive
Dataset 2,12749,1,1,"Hays, Mrs. Charles Melville (Clara Jennings Gregg)",female,52.0,2.0,93.5,S,Survived
Dataset 2,113038,1,0,"Head, Mr. Christopher",male,42.0,0.0,42.5,S,Did Not Survive
Dataset 2,17463,1,0,"Hilliard, Mr. Herbert Henry",male,,0.0,51.8625,S,Did Not Survive
Dataset 2,680,1,0,"Hipkins, Mr. William Edward",male,55.0,0.0,50.0,S,Did Not Survive
Dataset 2,111361,1,1,"Hippach, Miss. Jean Gertrude",female,16.0,1.0,57.9792,C,Survived
Dataset 2,111361,1,1,"Hippach, Mrs. Louis Albert (Ida Sophia Fischer)",female,44.0,1.0,57.9792,C,Survived
Dataset 2,13502,1,1,"Hogeboom, Mrs. John C (Anna Andrews)",female,51.0,1.0,77.9583,S,Survived
Dataset 2,113789,1,0,"Holverson, Mr. Alexander Oskar",male,42.0,1.0,52.0,S,Did Not Survive
Dataset 2,113789,1,1,"Holverson, Mrs. Alexander Oskar (Mary Aline Towner)",female,35.0,1.0,52.0,S,Survived
Dataset 2,111426,1,1,"Homer, Mr. Harry (""Mr E Haven"")",male,35.0,0.0,26.55,C,Survived
Dataset 2,19943,1,1,"Hoyt, Mr. Frederick Maxfield",male,38.0,1.0,90.0,S,Survived
Dataset 2,PC 17600,1,0,"Hoyt, Mr. William Fisher",male,,0.0,30.6958,C,Did Not Survive
Dataset 2,19943,1,1,"Hoyt, Mrs. Frederick Maxfield (Jane Anne Forby)",female,35.0,1.0,90.0,S,Survived
Dataset 2,113572,1,1,"Icard, Miss. Amelie",female,38.0,0.0,80.0,,Survived
Dataset 2,PC 17595,1,0,"Isham, Miss. Ann Elizabeth",female,50.0,0.0,28.7125,C,Did Not Survive
Dataset 2,112058,1,1,"Ismay, Mr. Joseph Bruce",male,49.0,0.0,0.0,S,Survived
Dataset 2,694,1,0,"Jones, Mr. Charles Cresson",male,46.0,0.0,26.0,S,Did Not Survive
Dataset 2,113044,1,0,"Julian, Mr. Henry Forbes",male,50.0,0.0,26.0,S,Did Not Survive
Dataset 2,113503,1,0,"Keeping, Mr. Edwin",male,32.5,0.0,211.5,C,Did Not Survive
Dataset 2,11771,1,0,"Kent, Mr. Edward Austin",male,58.0,0.0,29.7,C,Did Not Survive
Dataset 2,17464,1,0,"Kenyon, Mr. Frederick R",male,41.0,1.0,51.8625,S,Did Not Survive
Dataset 2,17464,1,1,"Kenyon, Mrs. Frederick R (Marion)",female,,1.0,51.8625,S,Survived
Dataset 2,11753,1,1,"Kimball, Mr. Edwin Nelson Jr",male,42.0,1.0,52.5542,S,Survived
Dataset 2,11753,1,1,"Kimball, Mrs. Edwin Nelson Jr (Gertrude Parsons)",female,45.0,1.0,52.5542,S,Survived
Dataset 2,113028,1,0,"Klaber, Mr. Herman",male,,0.0,26.55,S,Did Not Survive
Dataset 2,24160,1,1,"Kreuchen, Miss. Emilie",female,39.0,0.0,211.3375,S,Survived
Dataset 2,17465,1,1,"Leader, Dr. Alice (Farnham)",female,49.0,0.0,25.9292,S,Survived
Dataset 2,PC 17761,1,1,"LeRoy, Miss. Bertha",female,30.0,0.0,106.425,C,Survived
Dataset 2,PC 17755,1,1,"Lesurer, Mr. Gustave J",male,35.0,0.0,512.3292,C,Survived
Dataset 2,PC 17612,1,0,"Lewy, Mr. Ervin G",male,,0.0,27.7208,C,Did Not Survive
Dataset 2,17475,1,0,"Lindeberg-Lind, Mr. Erik Gustaf (""Mr Edward Lingrey"")",male,42.0,0.0,26.55,S,Did Not Survive
Dataset 2,112377,1,1,"Lindstrom, Mrs. Carl Johan (Sigrid Posse)",female,55.0,0.0,27.7208,C,Survived
Dataset 2,PC 17592,1,1,"Lines, Miss. Mary Conover",female,16.0,1.0,39.4,S,Survived
Dataset 2,PC 17592,1,1,"Lines, Mrs. Ernest H (Elizabeth Lindsey James)",female,51.0,1.0,39.4,S,Survived
Dataset 2,113501,1,0,"Long, Mr. Milton Clyde",male,29.0,0.0,30.0,S,Did Not Survive
Dataset 2,13502,1,1,"Longley, Miss. Gretchen Fiske",female,21.0,0.0,77.9583,S,Survived
Dataset 2,113801,1,0,"Loring, Mr. Joseph Holland",male,30.0,0.0,45.5,S,Did Not Survive
Dataset 2,PC 17569,1,1,"Lurette, Miss. Elise",female,58.0,0.0,146.5208,C,Survived
Dataset 2,24160,1,1,"Madill, Miss. Georgette Alexandra",female,15.0,1.0,211.3375,S,Survived
Dataset 2,110469,1,0,"Maguire, Mr. John Edward",male,30.0,0.0,26.0,S,Did Not Survive
Dataset 2,110152,1,1,"Maioni, Miss. Roberta",female,16.0,0.0,86.5,S,Survived
Dataset 2,11774,1,1,"Marechal, Mr. Pierre",male,,0.0,29.7,C,Survived
Dataset 2,113773,1,0,"Marvin, Mr. Daniel Warner",male,19.0,1.0,53.1,S,Did Not Survive
Dataset 2,113773,1,1,"Marvin, Mrs. Daniel Warner (Mary Graham Carmichael Farquarson)",female,18.0,1.0,53.1,S,Survived
Dataset 2,PC 17482,1,1,"Mayne, Mlle. Berthe Antonine (""Mrs de Villiers"")",female,24.0,0.0,49.5042,C,Survived
Dataset 2,13050,1,0,"McCaffry, Mr. Thomas Francis",male,46.0,0.0,75.2417,C,Did Not Survive
Dataset 2,17463,1,0,"McCarthy, Mr. Timothy J",male,54.0,0.0,51.8625,S,Did Not Survive
Dataset 2,PC 17473,1,1,"McGough, Mr. James Robert",male,36.0,0.0,26.2875,S,Survived
Dataset 2,PC 17604,1,0,"Meyer, Mr. Edgar Joseph",male,28.0,1.0,82.1708,C,Did Not Survive
Dataset 2,PC 17604,1,1,"Meyer, Mrs. Edgar Joseph (Leila Saks)",female,,1.0,82.1708,C,Survived
Dataset 2,13509,1,0,"Millet, Mr. Francis Davis",male,65.0,0.0,26.55,S,Did Not Survive
Dataset 2,19928,1,0,"Minahan, Dr. William Edward",male,44.0,2.0,90.0,Q,Did Not Survive
Dataset 2,19928,1,1,"Minahan, Miss. Daisy E",female,33.0,1.0,90.0,Q,Survived
Dataset 2,19928,1,1,"Minahan, Mrs. William Edward (Lillian E Thorpe)",female,37.0,1.0,90.0,Q,Survived
Dataset 2,13236,1,1,"Mock, Mr. Philipp Edmund",male,30.0,1.0,57.75,C,Survived
Dataset 2,113787,1,0,"Molson, Mr. Harry Markland",male,55.0,0.0,30.5,S,Did Not Survive
Dataset 2,113796,1,0,"Moore, Mr. Clarence Bloomfield",male,47.0,0.0,42.4,S,Did Not Survive
Dataset 2,PC 17596,1,0,"Natsch, Mr. Charles H",male,37.0,1.0,29.7,C,Did Not Survive
Dataset 2,35273,1,1,"Newell, Miss. Madeleine",female,31.0,1.0,113.275,C,Survived
Dataset 2,35273,1,1,"Newell, Miss. Marjorie",female,23.0,1.0,113.275,C,Survived
Dataset 2,35273,1,0,"Newell, Mr. Arthur Webster",male,58.0,2.0,113.275,C,Did Not Survive
Dataset 2,11752,1,1,"Newsom, Miss. Helen Monypeny",female,19.0,2.0,26.2833,S,Survived
Dataset 2,693,1,0,"Nicholson, Mr. Arthur Ernest",male,64.0,0.0,26.0,S,Did Not Survive
Dataset 2,PC 17758,1,1,"Oliva y Ocana, Dona. Fermina",female,39.0,0.0,108.9,C,Survived
Dataset 2,F.C. 12998,1,1,"Omont, Mr. Alfred Fernand",male,,0.0,25.7417,C,Survived
Dataset 2,113509,1,1,"Ostby, Miss. Helene Ragnhild",female,22.0,1.0,61.9792,C,Survived
Dataset 2,113509,1,0,"Ostby, Mr. Engelhart Cornelius",male,65.0,1.0,61.9792,C,Did Not Survive
Dataset 2,PC 17562,1,0,"Ovies y Rodriguez, Mr. Servando",male,28.5,0.0,27.7208,C,Did Not Survive
Dataset 2,112052,1,0,"Parr, Mr. William Henry Marsh",male,,0.0,0.0,S,Did Not Survive
Dataset 2,113043,1,0,"Partner, Mr. Austen",male,45.5,0.0,28.5,S,Did Not Survive
Dataset 2,12749,1,0,"Payne, Mr. Vivian Ponsonby",male,23.0,0.0,93.5,S,Did Not Survive
Dataset 2,113776,1,0,"Pears, Mr. Thomas Clinton",male,29.0,1.0,66.6,S,Did Not Survive
Dataset 2,113776,1,1,"Pears, Mrs. Thomas (Edith Wearne)",female,22.0,1.0,66.6,S,Survived
Dataset 2,PC 17758,1,0,"Penasco y Castellana, Mr. Victor de Satode",male,18.0,1.0,108.9,C,Did Not Survive
Dataset 2,PC 17758,1,1,"Penasco y Castellana, Mrs. Victor de Satode (Maria Josefa Perez de Soto y Vallejo)",female,17.0,1.0,108.9,C,Survived
Dataset 2,12749,1,1,"Perreault, Miss. Anne",female,30.0,0.0,93.5,S,Survived
Dataset 2,113786,1,1,"Peuchen, Major. Arthur Godfrey",male,52.0,0.0,30.5,S,Survived
Dataset 2,110465,1,0,"Porter, Mr. Walter Chamberlain",male,47.0,0.0,52.0,S,Did Not Survive
Dataset 2,11767,1,1,"Potter, Mrs. Thomas Jr (Lily Alexenia Wilson)",female,56.0,1.0,83.1583,C,Survived
Dataset 2,19972,1,0,"Reuchlin, Jonkheer. John George",male,38.0,0.0,0.0,S,Did Not Survive
Dataset 2,PC 17607,1,1,"Rheims, Mr. George Alexander Lucien",male,,0.0,39.6,S,Survived
Dataset 2,PC 17760,1,0,"Ringhini, Mr. Sante",male,22.0,0.0,135.6333,C,Did Not Survive
Dataset 2,PC 17757,1,0,"Robbins, Mr. Victor",male,,0.0,227.525,C,Did Not Survive
Dataset 2,24160,1,1,"Robert, Mrs. Edward Scott (Elisabeth Walton McMillan)",female,43.0,1.0,211.3375,S,Survived
Dataset 2,PC 17590,1,0,"Roebling, Mr. Washington Augustus II",male,31.0,0.0,50.4958,S,Did Not Survive
Dataset 2,111428,1,1,"Romaine, Mr. Charles Hallace (""Mr C Rolmane"")",male,45.0,0.0,26.55,S,Survived
Dataset 2,113767,1,0,"Rood, Mr. Hugh Roscoe",male,,0.0,50.0,S,Did Not Survive
Dataset 2,PC 17613,1,1,"Rosenbaum, Miss. Edith Louise",female,33.0,0.0,27.7208,C,Survived
Dataset 2,PC 17585,1,0,"Rosenshine, Mr. George (""Mr George Thorne"")",male,46.0,0.0,79.2,C,Did Not Survive
Dataset 2,13049,1,0,"Ross, Mr. John Hugo",male,36.0,0.0,40.125,C,Did Not Survive
Dataset 2,110152,1,1,"Rothes, the Countess. of (Lucy Noel Martha Dyer-Edwards)",female,33.0,0.0,86.5,S,Survived
Dataset 2,PC 17603,1,0,"Rothschild, Mr. Martin",male,55.0,1.0,59.4,C,Did Not Survive
Dataset 2,PC 17603,1,1,"Rothschild, Mrs. Martin (Elizabeth L. Barrett)",female,54.0,1.0,59.4,C,Survived
Dataset 2,113790,1,0,"Rowe, Mr. Alfred G",male,33.0,0.0,26.55,S,Did Not Survive
Dataset 2,PC 17608,1,1,"Ryerson, Master. John Borie",male,13.0,4.0,262.375,C,Survived
Dataset 2,PC 17608,1,1,"Ryerson, Miss. Emily Borie",female,18.0,4.0,262.375,C,Survived
Dataset 2,PC 17608,1,1,"Ryerson, Miss. Susan Parker ""Suzette""",female,21.0,4.0,262.375,C,Survived
Dataset 2,PC 17608,1,0,"Ryerson, Mr. Arthur Larned",male,61.0,4.0,262.375,C,Did Not Survive
Dataset 2,PC 17608,1,1,"Ryerson, Mrs. Arthur Larned (Emily Maria Borie)",female,48.0,4.0,262.375,C,Survived
Dataset 2,19988,1,1,"Saalfeld, Mr. Adolphe",male,,0.0,30.5,S,Survived
Dataset 2,PC 17477,1,1,"Sagesser, Mlle. Emma",female,24.0,0.0,69.3,C,Survived
Dataset 2,111163,1,1,"Salomon, Mr. Abraham L",male,,0.0,26.0,S,Survived
Dataset 2,13236,1,1,"Schabert, Mrs. Paul (Emma Mock)",female,35.0,1.0,57.75,C,Survived
Dataset 2,113798,1,1,"Serepeca, Miss. Augusta",female,30.0,0.0,31.0,C,Survived
Dataset 2,113794,1,1,"Seward, Mr. Frederic Kimber",male,34.0,0.0,26.55,S,Survived
Dataset 2,PC 17582,1,1,"Shutes, Miss. Elizabeth W",female,40.0,0.0,153.4625,S,Survived
Dataset 2,PC 17475,1,1,"Silverthorne, Mr. Spencer Victor",male,35.0,0.0,26.2875,S,Survived
Dataset 2,13507,1,0,"Silvey, Mr. William Baird",male,50.0,1.0,55.9,S,Did Not Survive
Dataset 2,13507,1,1,"Silvey, Mrs. William Baird (Alice Munger)",female,39.0,1.0,55.9,S,Survived
Dataset 2,13213,1,1,"Simonius-Blumer, Col. Oberst Alfons",male,56.0,0.0,35.5,C,Survived
Dataset 2,113788,1,1,"Sloper, Mr. William Thompson",male,28.0,0.0,35.5,S,Survived
Dataset 2,113792,1,0,"Smart, Mr. John Montgomery",male,56.0,0.0,26.55,S,Did Not Survive
Dataset 2,17764,1,0,"Smith, Mr. James Clinch",male,56.0,0.0,30.6958,C,Did Not Survive
Dataset 2,13695,1,0,"Smith, Mr. Lucien Philip",male,24.0,1.0,60.0,S,Did Not Survive
Dataset 2,113056,1,0,"Smith, Mr. Richard William",male,,0.0,26.0,S,Did Not Survive
Dataset 2,13695,1,1,"Smith, Mrs. Lucien Philip (Mary Eloise Hughes)",female,18.0,1.0,60.0,S,Survived
Dataset 2,21228,1,1,"Snyder, Mr. John Pillsbury",male,24.0,1.0,82.2667,S,Survived
Dataset 2,21228,1,1,"Snyder, Mrs. John Pillsbury (Nelle Stevenson)",female,23.0,1.0,82.2667,S,Survived
Dataset 2,16966,1,1,"Spedden, Master. Robert Douglas",male,6.0,2.0,134.5,C,Survived
Dataset 2,16966,1,1,"Spedden, Mr. Frederic Oakley",male,45.0,2.0,134.5,C,Survived
Dataset 2,16966,1,1,"Spedden, Mrs. Frederic Oakley (Margaretta Corning Stone)",female,40.0,2.0,134.5,C,Survived
Dataset 2,PC 17569,1,0,"Spencer, Mr. William Augustus",male,57.0,1.0,146.5208,C,Did Not Survive
Dataset 2,PC 17569,1,1,"Spencer, Mrs. William Augustus (Marie Eugenie)",female,,1.0,146.5208,C,Survived
Dataset 2,13214,1,1,"Stahelin-Maeglin, Dr. Max",male,32.0,0.0,30.5,C,Survived
Dataset 2,113514,1,0,"Stead, Mr. William Thomas",male,62.0,0.0,26.55,S,Did Not Survive
Dataset 2,11778,1,1,"Stengel, Mr. Charles Emil Henry",male,54.0,1.0,55.4417,C,Survived
Dataset 2,11778,1,1,"Stengel, Mrs. Charles Emil Henry (Annie May Morris)",female,43.0,1.0,55.4417,C,Survived
Dataset 2,36947,1,1,"Stephenson, Mrs. Walter Bertram (Martha Eustis)",female,52.0,1.0,78.2667,C,Survived
Dataset 2,PC 17605,1,0,"Stewart, Mr. Albert A",male,,0.0,27.7208,C,Did Not Survive
Dataset 2,113572,1,1,"Stone, Mrs. George Nelson (Martha Evelyn)",female,62.0,0.0,80.0,,Survived
Dataset 2,PC 17483,1,0,"Straus, Mr. Isidor",male,67.0,1.0,221.7792,S,Did Not Survive
Dataset 2,PC 17483,1,0,"Straus, Mrs. Isidor (Rosalie Ida Blun)",female,63.0,1.0,221.7792,S,Did Not Survive
Dataset 2,36963,1,0,"Sutton, Mr. Frederick",male,61.0,0.0,32.3208,S,Did Not Survive
Dataset 2,17466,1,1,"Swift, Mrs. Frederick Joel (Margaret Welles Barron)",female,48.0,0.0,25.9292,S,Survived
Dataset 2,110413,1,1,"Taussig, Miss. Ruth",female,18.0,2.0,79.65,S,Survived
Dataset 2,110413,1,0,"Taussig, Mr. Emil",male,52.0,2.0,79.65,S,Did Not Survive
Dataset 2,110413,1,1,"Taussig, Mrs. Emil (Tillie Mandelbaum)",female,39.0,2.0,79.65,S,Survived
Dataset 2,19996,1,1,"Taylor, Mr. Elmer Zebley",male,48.0,1.0,52.0,S,Survived
Dataset 2,19996,1,1,"Taylor, Mrs. Elmer Zebley (Juliet Cummins Wright)",female,,1.0,52.0,S,Survived
Dataset 2,17421,1,0,"Thayer, Mr. John Borland",male,49.0,2.0,110.8833,C,Did Not Survive
Dataset 2,17421,1,1,"Thayer, Mr. John Borland Jr",male,17.0,2.0,110.8833,C,Survived
Dataset 2,17421,1,1,"Thayer, Mrs. John Borland (Marian Longstreth Morris)",female,39.0,2.0,110.8833,C,Survived
Dataset 2,PC 17585,1,1,"Thorne, Mrs. Gertrude Maybelle",female,,0.0,79.2,C,Survived
Dataset 2,2543,1,1,"Tucker, Mr. Gilbert Milligan Jr",male,31.0,0.0,28.5375,C,Survived
Dataset 2,PC 17601,1,0,"Uruchurtu, Don. Manuel E",male,40.0,0.0,27.7208,C,Did Not Survive
Dataset 2,111240,1,0,"Van der hoef, Mr. Wyckoff",male,61.0,0.0,33.5,S,Did Not Survive
Dataset 2,36967,1,0,"Walker, Mr. William Anderson",male,47.0,0.0,34.0208,S,Did Not Survive
Dataset 2,PC 17755,1,1,"Ward, Miss. Anna",female,35.0,0.0,512.3292,C,Survived
Dataset 2,110813,1,0,"Warren, Mr. Frank Manley",male,64.0,1.0,75.25,C,Did Not Survive
Dataset 2,110813,1,1,"Warren, Mrs. Frank Manley (Anna Sophia Atkinson)",female,60.0,1.0,75.25,C,Survived
Dataset 2,113800,1,0,"Weir, Col. John",male,60.0,0.0,26.55,S,Did Not Survive
Dataset 2,35281,1,0,"White, Mr. Percival Wayland",male,54.0,1.0,77.2875,S,Did Not Survive
Dataset 2,35281,1,0,"White, Mr. Richard Frasar",male,21.0,1.0,77.2875,S,Did Not Survive
Dataset 2,PC 17760,1,1,"White, Mrs. John Stuart (Ella Holmes)",female,55.0,0.0,135.6333,C,Survived
Dataset 2,36928,1,1,"Wick, Miss. Mary Natalie",female,31.0,2.0,164.8667,S,Survived
Dataset 2,36928,1,0,"Wick, Mr. George Dennick",male,57.0,2.0,164.8667,S,Did Not Survive
Dataset 2,36928,1,1,"Wick, Mrs. George Dennick (Mary Hitchcock)",female,45.0,2.0,164.8667,S,Survived
Dataset 2,113503,1,0,"Widener, Mr. George Dunton",male,50.0,2.0,211.5,C,Did Not Survive
Dataset 2,113503,1,0,"Widener, Mr. Harry Elkins",male,27.0,2.0,211.5,C,Did Not Survive
Dataset 2,113503,1,1,"Widener, Mrs. George Dunton (Eleanor Elkins)",female,50.0,2.0,211.5,C,Survived
Dataset 2,113795,1,1,"Willard, Miss. Constance",female,21.0,0.0,26.55,S,Survived
Dataset 2,PC 17597,1,0,"Williams, Mr. Charles Duane",male,51.0,1.0,61.3792,C,Did Not Survive
Dataset 2,PC 17597,1,1,"Williams, Mr. Richard Norris II",male,21.0,1.0,61.3792,C,Survived
Dataset 2,113510,1,0,"Williams-Lambert, Mr. Fletcher Fellows",male,,0.0,35.0,S,Did Not Survive
Dataset 2,16966,1,1,"Wilson, Miss. Helen Alice",female,31.0,0.0,134.5,C,Survived
Dataset 2,19947,1,1,"Woolner, Mr. Hugh",male,,0.0,35.5,S,Survived
Dataset 2,113807,1,0,"Wright, Mr. George",male,62.0,0.0,26.55,S,Did Not Survive
Dataset 2,PC 17760,1,1,"Young, Miss. Marie Grice",female,36.0,0.0,135.6333,C,Survived
Dataset 2,P/PP 3381,2,0,"Abelson, Mr. Samuel",male,30.0,1.0,24.0,C,Did Not Survive
Dataset 2,P/PP 3381,2,1,"Abelson, Mrs. Samuel (Hannah Wizosky)",female,28.0,1.0,24.0,C,Survived
Dataset 2,248744,2,0,"Aldworth, Mr. Charles Augustus",male,30.0,0.0,13.0,S,Did Not Survive
Dataset 2,231945,2,0,"Andrew, Mr. Edgardo Samuel",male,18.0,0.0,11.5,S,Did Not Survive
Dataset 2,C.A. 34050,2,0,"Andrew, Mr. Frank Thomas",male,25.0,0.0,10.5,S,Did Not Survive
Dataset 2,226875,2,0,"Angle, Mr. William A",male,34.0,1.0,26.0,S,Did Not Survive
Dataset 2,226875,2,1,"Angle, Mrs. William A (Florence ""Mary"" Agnes Hughes)",female,36.0,1.0,26.0,S,Survived
Dataset 2,244346,2,0,"Ashby, Mr. John",male,57.0,0.0,13.0,S,Did Not Survive
Dataset 2,29108,2,0,"Bailey, Mr. Percy Andrew",male,18.0,0.0,11.5,S,Did Not Survive
Dataset 2,C.A. 31030,2,0,"Baimbrigge, Mr. Charles Robert",male,23.0,0.0,10.5,S,Did Not Survive
Dataset 2,28551,2,1,"Ball, Mrs. (Ada E Hall)",female,36.0,0.0,13.0,S,Survived
Dataset 2,C.A./SOTON 34068,2,0,"Banfield, Mr. Frederick James",male,28.0,0.0,10.5,S,Did Not Survive
Dataset 2,S.O.P. 1166,2,0,"Bateman, Rev. Robert James",male,51.0,0.0,12.525,S,Did Not Survive
Dataset 2,2908,2,1,"Beane, Mr. Edward",male,32.0,1.0,26.0,S,Survived
Dataset 2,2908,2,1,"Beane, Mrs. Edward (Ethel Clarke)",female,19.0,1.0,26.0,S,Survived
Dataset 2,244358,2,0,"Beauchamp, Mr. Henry James",male,28.0,0.0,26.0,S,Did Not Survive
Dataset 2,230136,2,1,"Becker, Master. Richard F",male,1.0,3.0,39.0,S,Survived
Dataset 2,230136,2,1,"Becker, Miss. Marion Louise",female,4.0,3.0,39.0,S,Survived
Dataset 2,230136,2,1,"Becker, Miss. Ruth Elizabeth",female,12.0,3.0,39.0,S,Survived
Dataset 2,230136,2,1,"Becker, Mrs. Allen Oliver (Nellie E Baumgardner)",female,36.0,3.0,39.0,S,Survived
Dataset 2,248698,2,1,"Beesley, Mr. Lawrence",male,34.0,0.0,13.0,S,Survived
Dataset 2,28404,2,1,"Bentham, Miss. Lilian W",female,19.0,0.0,13.0,S,Survived
Dataset 2,28425,2,0,"Berriman, Mr. William John",male,23.0,0.0,13.0,S,Did Not Survive
Dataset 2,237670,2,0,"Botsford, Mr. William Hull",male,26.0,0.0,13.0,S,Did Not Survive
Dataset 2,211535,2,0,"Bowenur, Mr. Solomon",male,42.0,0.0,13.0,S,Did Not Survive
Dataset 2,220367,2,0,"Bracken, Mr. James H",male,27.0,0.0,13.0,S,Did Not Survive
Dataset 2,248733,2,1,"Brown, Miss. Amelia ""Mildred""",female,24.0,0.0,13.0,S,Survived
Dataset 2,29750,2,1,"Brown, Miss. Edith Eileen",female,15.0,2.0,39.0,S,Survived
Dataset 2,29750,2,0,"Brown, Mr. Thomas William Solomon",male,60.0,2.0,39.0,S,Did Not Survive
Dataset 2,29750,2,1,"Brown, Mrs. Thomas William Solomon (Elizabeth Catherine Ford)",female,40.0,2.0,39.0,S,Survived
Dataset 2,236853,2,1,"Bryhl, Miss. Dagmar Jenny Ingeborg",female,20.0,1.0,26.0,S,Survived
Dataset 2,236853,2,0,"Bryhl, Mr. Kurt Arnold Gottfrid",male,25.0,1.0,26.0,S,Did Not Survive
Dataset 2,27849,2,1,"Buss, Miss. Kate",female,36.0,0.0,13.0,S,Survived
Dataset 2,234686,2,0,"Butler, Mr. Reginald Fenton",male,25.0,0.0,13.0,S,Did Not Survive
Dataset 2,244310,2,0,"Byles, Rev. Thomas Roussel Davids",male,42.0,0.0,13.0,S,Did Not Survive
Dataset 2,236852,2,1,"Bystrom, Mrs. (Karolina)",female,42.0,0.0,13.0,S,Survived
Dataset 2,248738,2,1,"Caldwell, Master. Alden Gates",male,0.83,2.0,29.0,S,Survived
Dataset 2,248738,2,1,"Caldwell, Mr. Albert Francis",male,26.0,2.0,29.0,S,Survived
Dataset 2,248738,2,1,"Caldwell, Mrs. Albert Francis (Sylvia Mae Harbaugh)",female,22.0,2.0,29.0,S,Survived
Dataset 2,F.C.C. 13528,2,1,"Cameron, Miss. Clear Annie",female,35.0,0.0,21.0,S,Survived
Dataset 2,239853,2,0,"Campbell, Mr. William",male,,0.0,0.0,S,Did Not Survive
Dataset 2,28424,2,0,"Carbines, Mr. William",male,19.0,0.0,13.0,S,Did Not Survive
Dataset 2,244252,2,0,"Carter, Mrs. Ernest Courtenay (Lilian Hughes)",female,44.0,1.0,26.0,S,Did Not Survive
Dataset 2,244252,2,0,"Carter, Rev. Ernest Courtenay",male,54.0,1.0,26.0,S,Did Not Survive
Dataset 2,248731,2,0,"Chapman, Mr. Charles Henry",male,52.0,0.0,13.5,S,Did Not Survive
Dataset 2,SC/AH 29037,2,0,"Chapman, Mr. John Henry",male,37.0,1.0,26.0,S,Did Not Survive
Dataset 2,SC/AH 29037,2,0,"Chapman, Mrs. John Henry (Sara Elizabeth Lawry)",female,29.0,1.0,26.0,S,Did Not Survive
Dataset 2,237789,2,1,"Christy, Miss. Julie Rachel",female,25.0,2.0,30.0,S,Survived
Dataset 2,237789,2,1,"Christy, Mrs. (Alice Frances)",female,45.0,2.0,30.0,S,Survived
Dataset 2,2003,2,0,"Clarke, Mr. Charles Valentine",male,29.0,1.0,26.0,S,Did Not Survive
Dataset 2,2003,2,1,"Clarke, Mrs. Charles V (Ada Maria Winfield)",female,28.0,1.0,26.0,S,Survived
Dataset 2,W./C. 14263,2,0,"Coleridge, Mr. Reginald Charles",male,29.0,0.0,10.5,S,Did Not Survive
Dataset 2,248740,2,0,"Collander, Mr. Erik Gustaf",male,28.0,0.0,13.0,S,Did Not Survive
Dataset 2,28034,2,1,"Collett, Mr. Sidney C Stuart",male,24.0,0.0,10.5,S,Survived
Dataset 2,C.A. 31921,2,1,"Collyer, Miss. Marjorie ""Lottie""",female,8.0,2.0,26.25,S,Survived
Dataset 2,C.A. 31921,2,0,"Collyer, Mr. Harvey",male,31.0,2.0,26.25,S,Did Not Survive
Dataset 2,C.A. 31921,2,1,"Collyer, Mrs. Harvey (Charlotte Annie Tate)",female,31.0,2.0,26.25,S,Survived
Dataset 2,W./C. 14266,2,1,"Cook, Mrs. (Selena Rogers)",female,22.0,0.0,10.5,S,Survived
Dataset 2,237249,2,0,"Corbett, Mrs. Walter H (Irene Colvin)",female,30.0,0.0,13.0,S,Did Not Survive
Dataset 2,F.C.C. 13534,2,0,"Corey, Mrs. Percy C (Mary Phyllis Elizabeth Miller)",female,,0.0,21.0,S,Did Not Survive
Dataset 2,29107,2,0,"Cotterill, Mr. Henry ""Harry""",male,21.0,0.0,11.5,S,Did Not Survive
Dataset 2,239853,2,0,"Cunningham, Mr. Alfred Fleming",male,,0.0,0.0,S,Did Not Survive
Dataset 2,C.A. 33112,2,1,"Davies, Master. John Morgan Jr",male,8.0,2.0,36.75,S,Survived
Dataset 2,S.O.C. 14879,2,0,"Davies, Mr. Charles Henry",male,18.0,0.0,73.5,S,Did Not Survive
Dataset 2,C.A. 33112,2,1,"Davies, Mrs. John Morgan (Elizabeth Agnes Mary White)",female,48.0,2.0,36.75,S,Survived
Dataset 2,237668,2,1,"Davis, Miss. Mary",female,28.0,0.0,13.0,S,Survived
Dataset 2,244360,2,0,"de Brito, Mr. Jose Joaquim",male,32.0,0.0,13.0,S,Did Not Survive
Dataset 2,S.O.C. 14879,2,0,"Deacon, Mr. Percy William",male,17.0,0.0,73.5,S,Did Not Survive
Dataset 2,SC/PARIS 2167,2,0,"del Carlo, Mr. Sebastiano",male,29.0,1.0,27.7208,C,Did Not Survive
Dataset 2,SC/PARIS 2167,2,1,"del Carlo, Mrs. Sebastiano (Argenia Genovesi)",female,24.0,1.0,27.7208,C,Survived
Dataset 2,C.A. 31029,2,0,"Denbury, Mr. Herbert",male,25.0,0.0,31.5,S,Did Not Survive
Dataset 2,S.O.C. 14879,2,0,"Dibden, Mr. William",male,18.0,0.0,73.5,S,Did Not Survive
Dataset 2,231919,2,1,"Doling, Miss. Elsie",female,18.0,1.0,23.0,S,Survived
Dataset 2,231919,2,1,"Doling, Mrs. John T (Ada Julia Bone)",female,34.0,1.0,23.0,S,Survived
Dataset 2,28403,2,0,"Downton, Mr. William James",male,54.0,0.0,26.0,S,Did Not Survive
Dataset 2,28220,2,1,"Drew, Master. Marshall Brines",male,8.0,2.0,32.5,S,Survived
Dataset 2,28220,2,0,"Drew, Mr. James Vivian",male,42.0,2.0,32.5,S,Did Not Survive
Dataset 2,28220,2,1,"Drew, Mrs. James Vivian (Lulu Thorne Christian)",female,34.0,2.0,32.5,S,Survived
Dataset 2,SC/PARIS 2149,2,1,"Duran y More, Miss. Asuncion",female,27.0,1.0,13.8583,C,Survived
Dataset 2,SC/PARIS 2148,2,1,"Duran y More, Miss. Florentina",female,30.0,1.0,13.8583,C,Survived
Dataset 2,29751,2,0,"Eitemiller, Mr. George Floyd",male,23.0,0.0,13.0,S,Did Not Survive
Dataset 2,236854,2,0,"Enander, Mr. Ingvar",male,21.0,0.0,13.0,S,Did Not Survive
Dataset 2,236171,2,0,"Fahlstrom, Mr. Arne Jonas",male,18.0,0.0,13.0,S,Did Not Survive
Dataset 2,2926,2,0,"Faunthorpe, Mr. Harry",male,40.0,1.0,26.0,S,Did Not Survive
Dataset 2,2926,2,1,"Faunthorpe, Mrs. Lizzie (Elizabeth Anne Wilkinson)",female,29.0,1.0,26.0,S,Survived
Dataset 2,C.A. 15185,2,0,"Fillbrook, Mr. Joseph Charles",male,18.0,0.0,10.5,S,Did Not Survive
Dataset 2,229236,2,0,"Fox, Mr. Stanley Hubert",male,36.0,0.0,13.0,S,Did Not Survive
Dataset 2,239854,2,0,"Frost, Mr. Anthony Wood ""Archie""",male,,0.0,0.0,S,Did Not Survive
Dataset 2,237671,2,0,"Funk, Miss. Annie Clemmer",female,38.0,0.0,13.0,S,Did Not Survive
Dataset 2,239865,2,0,"Fynney, Mr. Joseph J",male,35.0,0.0,26.0,S,Did Not Survive
Dataset 2,28664,2,0,"Gale, Mr. Harry",male,38.0,1.0,21.0,S,Did Not Survive
Dataset 2,28664,2,0,"Gale, Mr. Shadrach",male,34.0,1.0,21.0,S,Did Not Survive
Dataset 2,243880,2,1,"Garside, Miss. Ethel",female,34.0,0.0,13.0,S,Survived
Dataset 2,239865,2,0,"Gaskell, Mr. Alfred",male,16.0,0.0,26.0,S,Did Not Survive
Dataset 2,31028,2,0,"Gavey, Mr. Lawrence",male,26.0,0.0,10.5,S,Did Not Survive
Dataset 2,C.A. 30769,2,0,"Gilbert, Mr. William",male,47.0,0.0,10.5,S,Did Not Survive
Dataset 2,28133,2,0,"Giles, Mr. Edgar",male,21.0,1.0,11.5,S,Did Not Survive
Dataset 2,28134,2,0,"Giles, Mr. Frederick Edward",male,21.0,1.0,11.5,S,Did Not Survive
Dataset 2,248726,2,0,"Giles, Mr. Ralph",male,24.0,0.0,13.5,S,Did Not Survive
Dataset 2,233866,2,0,"Gill, Mr. John William",male,24.0,0.0,13.0,S,Did Not Survive
Dataset 2,12233,2,0,"Gillespie, Mr. William Henry",male,34.0,0.0,13.0,S,Did Not Survive
Dataset 2,250646,2,0,"Givard, Mr. Hans Kristensen",male,30.0,0.0,13.0,S,Did Not Survive
Dataset 2,250647,2,0,"Greenberg, Mr. Samuel",male,52.0,0.0,13.0,S,Did Not Survive
Dataset 2,250653,2,0,"Hale, Mr. Reginald",male,30.0,0.0,13.0,S,Did Not Survive
Dataset 2,250649,2,1,"Hamalainen, Master. Viljo",male,0.67,2.0,14.5,S,Survived
Dataset 2,250649,2,1,"Hamalainen, Mrs. William (Anna)",female,24.0,2.0,14.5,S,Survived
Dataset 2,248746,2,0,"Harbeck, Mr. William H",male,44.0,0.0,13.0,S,Did Not Survive
Dataset 2,248727,2,1,"Harper, Miss. Annie Jessie ""Nina""",female,6.0,1.0,33.0,S,Survived
Dataset 2,248727,2,0,"Harper, Rev. John",male,28.0,1.0,33.0,S,Did Not Survive
Dataset 2,S.W./PP 752,2,1,"Harris, Mr. George",male,62.0,0.0,10.5,S,Survived
Dataset 2,W/C 14208,2,0,"Harris, Mr. Walter",male,30.0,0.0,10.5,S,Did Not Survive
Dataset 2,F.C.C. 13529,2,1,"Hart, Miss. Eva Miriam",female,7.0,2.0,26.25,S,Survived
Dataset 2,F.C.C. 13529,2,0,"Hart, Mr. Benjamin",male,43.0,2.0,26.25,S,Did Not Survive
Dataset 2,F.C.C. 13529,2,1,"Hart, Mrs. Benjamin (Esther Ada Bloomfield)",female,45.0,2.0,26.25,S,Survived
Dataset 2,220845,2,1,"Herman, Miss. Alice",female,24.0,3.0,65.0,S,Survived
Dataset 2,220845,2,1,"Herman, Miss. Kate",female,24.0,3.0,65.0,S,Survived
Dataset 2,220845,2,0,"Herman, Mr. Samuel",male,49.0,3.0,65.0,S,Did Not Survive
Dataset 2,220845,2,1,"Herman, Mrs. Samuel (Jane Laver)",female,48.0,3.0,65.0,S,Survived
Dataset 2,248706,2,1,"Hewlett, Mrs. (Mary D Kingcome)",female,55.0,0.0,16.0,S,Survived
Dataset 2,S.O.C. 14879,2,0,"Hickman, Mr. Leonard Mark",male,24.0,2.0,73.5,S,Did Not Survive
Dataset 2,S.O.C. 14879,2,0,"Hickman, Mr. Lewis",male,32.0,2.0,73.5,S,Did Not Survive
Dataset 2,S.O.C. 14879,2,0,"Hickman, Mr. Stanley George",male,21.0,2.0,73.5,S,Did Not Survive
Dataset 2,250650,2,0,"Hiltunen, Miss. Marta",female,18.0,2.0,13.0,S,Did Not Survive
Dataset 2,29105,2,1,"Hocking, Miss. Ellen ""Nellie""",female,20.0,3.0,23.0,S,Survived
Dataset 2,29104,2,0,"Hocking, Mr. Richard George",male,23.0,3.0,11.5,S,Did Not Survive
Dataset 2,242963,2,0,"Hocking, Mr. Samuel James Metcalfe",male,36.0,0.0,13.0,S,Did Not Survive
Dataset 2,29105,2,1,"Hocking, Mrs. Elizabeth (Eliza Needs)",female,54.0,4.0,23.0,S,Survived
Dataset 2,250643,2,0,"Hodges, Mr. Henry Price",male,50.0,0.0,13.0,S,Did Not Survive
Dataset 2,26707,2,0,"Hold, Mr. Stephen",male,44.0,1.0,26.0,S,Did Not Survive
Dataset 2,26707,2,1,"Hold, Mrs. Stephen (Annie Margaret Hill)",female,29.0,1.0,26.0,S,Survived
Dataset 2,S.O.C. 14879,2,0,"Hood, Mr. Ambrose Jr",male,21.0,0.0,73.5,S,Did Not Survive
Dataset 2,237798,2,1,"Hosono, Mr. Masabumi",male,42.0,0.0,13.0,S,Survived
Dataset 2,24065,2,0,"Howard, Mr. Benjamin",male,63.0,1.0,26.0,S,Did Not Survive
Dataset 2,24065,2,0,"Howard, Mrs. Benjamin (Ellen Truelove Arman)",female,60.0,1.0,26.0,S,Did Not Survive
Dataset 2,SCO/W 1585,2,0,"Hunt, Mr. George Henry",male,33.0,0.0,12.275,S,Did Not Survive
Dataset 2,SO/C 14885,2,1,"Ilett, Miss. Bertha",female,17.0,0.0,10.5,S,Survived
Dataset 2,243847,2,0,"Jacobsohn, Mr. Sidney Samuel",male,42.0,1.0,27.0,S,Did Not Survive
Dataset 2,243847,2,1,"Jacobsohn, Mrs. Sidney Samuel (Amy Frances Christy)",female,24.0,3.0,27.0,S,Survived
Dataset 2,237565,2,0,"Jarvis, Mr. John Denzil",male,47.0,0.0,15.0,S,Did Not Survive
Dataset 2,C.A. 31029,2,0,"Jefferys, Mr. Clifford Thomas",male,24.0,2.0,31.5,S,Did Not Survive
Dataset 2,C.A. 31029,2,0,"Jefferys, Mr. Ernest Wilfred",male,22.0,2.0,31.5,S,Did Not Survive
Dataset 2,C.A. 33111,2,0,"Jenkin, Mr. Stephen Curnow",male,32.0,0.0,10.5,S,Did Not Survive
Dataset 2,SC/AH Basle 541,2,1,"Jerwan, Mrs. Amin S (Marie Marthe Thuillard)",female,23.0,0.0,13.7917,C,Survived
Dataset 2,244367,2,0,"Kantor, Mr. Sinai",male,34.0,1.0,26.0,S,Did Not Survive
Dataset 2,244367,2,1,"Kantor, Mrs. Sinai (Miriam Sternin)",female,24.0,1.0,26.0,S,Survived
Dataset 2,F.C.C. 13534,2,0,"Karnes, Mrs. J Frank (Claire Bennett)",female,22.0,0.0,21.0,S,Did Not Survive
Dataset 2,226593,2,1,"Keane, Miss. Nora A",female,,0.0,12.35,Q,Survived
Dataset 2,233734,2,0,"Keane, Mr. Daniel",male,35.0,0.0,12.35,Q,Did Not Survive
Dataset 2,223596,2,1,"Kelly, Mrs. Florence ""Fannie""",female,45.0,0.0,13.5,S,Survived
Dataset 2,219533,2,0,"Kirkland, Rev. Charles Leonard",male,57.0,0.0,12.35,Q,Did Not Survive
Dataset 2,239855,2,0,"Knight, Mr. Robert J",male,,0.0,0.0,S,Did Not Survive
Dataset 2,C.A. 18723,2,0,"Kvillner, Mr. Johan Henrik Johannesson",male,31.0,0.0,10.5,S,Did Not Survive
Dataset 2,250651,2,0,"Lahtinen, Mrs. William (Anna Sylfven)",female,26.0,2.0,26.0,S,Did Not Survive
Dataset 2,250651,2,0,"Lahtinen, Rev. William",male,30.0,2.0,26.0,S,Did Not Survive
Dataset 2,240261,2,0,"Lamb, Mr. John Joseph",male,,0.0,10.7083,Q,Did Not Survive
Dataset 2,SC/Paris 2123,2,1,"Laroche, Miss. Louise",female,1.0,3.0,41.5792,C,Survived
Dataset 2,SC/Paris 2123,2,1,"Laroche, Miss. Simonne Marie Anne Andree",female,3.0,3.0,41.5792,C,Survived
Dataset 2,SC/Paris 2123,2,0,"Laroche, Mr. Joseph Philippe Lemercier",male,25.0,3.0,41.5792,C,Did Not Survive
Dataset 2,SC/Paris 2123,2,1,"Laroche, Mrs. Joseph (Juliette Marie Louise Lafargue)",female,22.0,3.0,41.5792,C,Survived
Dataset 2,SC 1748,2,1,"Lehmann, Miss. Bertha",female,17.0,0.0,12.0,C,Survived
Dataset 2,248727,2,1,"Leitch, Miss. Jessie Wills",female,,0.0,33.0,S,Survived
Dataset 2,C.A. 34260,2,1,"Lemore, Mrs. (Amelia Milley)",female,34.0,0.0,10.5,S,Survived
Dataset 2,SC/Paris 2163,2,0,"Levy, Mr. Rene Jacques",male,36.0,0.0,12.875,C,Did Not Survive
Dataset 2,C.A. 29566,2,0,"Leyson, Mr. Robert William Norman",male,24.0,0.0,10.5,S,Did Not Survive
Dataset 2,235509,2,0,"Lingane, Mr. John",male,61.0,0.0,12.35,Q,Did Not Survive
Dataset 2,SC/AH 3085,2,0,"Louch, Mr. Charles Alexander",male,50.0,1.0,26.0,S,Did Not Survive
Dataset 2,SC/AH 3085,2,1,"Louch, Mrs. Charles Alexander (Alice Adelaide Slow)",female,42.0,1.0,26.0,S,Survived
Dataset 2,S.O./P.P. 3,2,0,"Mack, Mrs. (Mary)",female,57.0,0.0,10.5,S,Did Not Survive
Dataset 2,237735,2,0,"Malachard, Mr. Noel",male,,0.0,15.0458,C,Did Not Survive
Dataset 2,S.C./PARIS 2079,2,1,"Mallet, Master. Andre",male,1.0,2.0,37.0042,C,Survived
Dataset 2,S.C./PARIS 2079,2,0,"Mallet, Mr. Albert",male,31.0,2.0,37.0042,C,Did Not Survive
Dataset 2,S.C./PARIS 2079,2,1,"Mallet, Mrs. Albert (Antoinette Magnin)",female,24.0,2.0,37.0042,C,Survived
Dataset 2,SC/A.3 2861,2,0,"Mangiavacchi, Mr. Serafino Emilio",male,,0.0,15.5792,C,Did Not Survive
Dataset 2,28228,2,0,"Matthews, Mr. William John",male,30.0,0.0,13.0,S,Did Not Survive
Dataset 2,239059,2,0,"Maybery, Mr. Frank Hubert",male,40.0,0.0,16.0,S,Did Not Survive
Dataset 2,237216,2,0,"McCrae, Mr. Arthur Gordon",male,32.0,0.0,13.5,S,Did Not Survive
Dataset 2,233478,2,0,"McCrie, Mr. James Matthew",male,30.0,0.0,13.0,S,Did Not Survive
Dataset 2,28403,2,0,"McKane, Mr. Peter David",male,46.0,0.0,26.0,S,Did Not Survive
Dataset 2,250644,2,1,"Mellinger, Miss. Madeleine Violet",female,13.0,1.0,19.5,S,Survived
Dataset 2,250644,2,1,"Mellinger, Mrs. (Elizabeth Anne Maidment)",female,41.0,1.0,19.5,S,Survived
Dataset 2,SW/PP 751,2,1,"Mellors, Mr. William John",male,19.0,0.0,10.5,S,Survived
Dataset 2,248723,2,0,"Meyer, Mr. August",male,39.0,0.0,13.0,S,Did Not Survive
Dataset 2,234360,2,0,"Milling, Mr. Jacob Christian",male,48.0,0.0,13.0,S,Did Not Survive
Dataset 2,C.A. 24580,2,0,"Mitchell, Mr. Henry Michael",male,70.0,0.0,10.5,S,Did Not Survive
Dataset 2,211536,2,0,"Montvila, Rev. Juozas",male,27.0,0.0,13.0,S,Did Not Survive
Dataset 2,29011,2,0,"Moraweck, Dr. Ernest",male,54.0,0.0,14.0,S,Did Not Survive
Dataset 2,250655,2,0,"Morley, Mr. Henry Samuel (""Mr Henry Marshall"")",male,39.0,0.0,26.0,S,Did Not Survive
Dataset 2,S.O./P.P. 3,2,0,"Mudd, Mr. Thomas Charles",male,16.0,0.0,10.5,S,Did Not Survive
Dataset 2,240276,2,0,"Myles, Mr. Thomas Francis",male,62.0,0.0,9.6875,Q,Did Not Survive
Dataset 2,237736,2,0,"Nasser, Mr. Nicholas",male,32.5,1.0,30.0708,C,Did Not Survive
Dataset 2,237736,2,1,"Nasser, Mrs. Nicholas (Adele Achem)",female,14.0,1.0,30.0708,C,Survived
Dataset 2,230080,2,1,"Navratil, Master. Edmond Roger",male,2.0,2.0,26.0,S,Survived
Dataset 2,230080,2,1,"Navratil, Master. Michel M",male,3.0,2.0,26.0,S,Survived
Dataset 2,230080,2,0,"Navratil, Mr. Michel (""Louis M Hoffman"")",male,36.5,2.0,26.0,S,Did Not Survive
Dataset 2,244368,2,0,"Nesson, Mr. Israel",male,26.0,0.0,13.0,S,Did Not Survive
Dataset 2,C.A. 33112,2,0,"Nicholls, Mr. Joseph Charles",male,19.0,2.0,36.75,S,Did Not Survive
Dataset 2,218629,2,0,"Norman, Mr. Robert Douglas",male,28.0,0.0,13.5,S,Did Not Survive
Dataset 2,SC/PARIS 2166,2,1,"Nourney, Mr. Alfred (""Baron von Drachstedt"")",male,20.0,0.0,13.8625,C,Survived
Dataset 2,C.A. 29395,2,1,"Nye, Mrs. (Elizabeth Ramell)",female,29.0,0.0,10.5,S,Survived
Dataset 2,28213,2,0,"Otter, Mr. Richard",male,39.0,0.0,13.0,S,Did Not Survive
Dataset 2,W./C. 14260,2,1,"Oxenham, Mr. Percy Thomas",male,22.0,0.0,10.5,S,Survived
Dataset 2,SC/PARIS 2146,2,1,"Padro y Manent, Mr. Julian",male,,0.0,13.8625,C,Survived
Dataset 2,244278,2,0,"Pain, Dr. Alfred",male,23.0,0.0,10.5,S,Did Not Survive
Dataset 2,SC/PARIS 2147,2,1,"Pallas y Castello, Mr. Emilio",male,29.0,0.0,13.8583,C,Survived
Dataset 2,SC 14888,2,0,"Parker, Mr. Clifford Richard",male,28.0,0.0,10.5,S,Did Not Survive
Dataset 2,239853,2,0,"Parkes, Mr. Francis ""Frank""",male,,0.0,0.0,S,Did Not Survive
Dataset 2,230433,2,1,"Parrish, Mrs. (Lutie Davis)",female,50.0,1.0,26.0,S,Survived
Dataset 2,28665,2,0,"Pengelly, Mr. Frederick William",male,19.0,0.0,10.5,S,Did Not Survive
Dataset 2,SC/PARIS 2131,2,0,"Pernot, Mr. Rene",male,,0.0,15.05,C,Did Not Survive
Dataset 2,237393,2,0,"Peruschitz, Rev. Joseph Maria",male,41.0,0.0,13.0,S,Did Not Survive
Dataset 2,S.O./P.P. 2,2,1,"Phillips, Miss. Alice Frances Louisa",female,21.0,1.0,21.0,S,Survived
Dataset 2,250655,2,1,"Phillips, Miss. Kate Florence (""Mrs Kate Louise Phillips Marshall"")",female,19.0,0.0,26.0,S,Survived
Dataset 2,S.O./P.P. 2,2,0,"Phillips, Mr. Escott Robert",male,43.0,1.0,21.0,S,Did Not Survive
Dataset 2,234604,2,1,"Pinsky, Mrs. (Rosa)",female,32.0,0.0,13.0,S,Survived
Dataset 2,250647,2,0,"Ponesell, Mr. Martin",male,34.0,0.0,13.0,S,Did Not Survive
Dataset 2,C.A. 34644,2,1,"Portaluppi, Mr. Emilio Ilario Giuseppe",male,30.0,0.0,12.7375,C,Survived
Dataset 2,SC/PARIS 2168,2,0,"Pulbaum, Mr. Franz",male,27.0,0.0,15.0333,C,Did Not Survive
Dataset 2,26360,2,1,"Quick, Miss. Phyllis May",female,2.0,2.0,26.0,S,Survived
Dataset 2,26360,2,1,"Quick, Miss. Winifred Vera",female,8.0,2.0,26.0,S,Survived
Dataset 2,26360,2,1,"Quick, Mrs. Frederick Charles (Jane Richards)",female,33.0,2.0,26.0,S,Survived
Dataset 2,C.A. 17248,2,0,"Reeves, Mr. David",male,36.0,0.0,10.5,S,Did Not Survive
Dataset 2,31027,2,0,"Renouf, Mr. Peter Henry",male,34.0,1.0,21.0,S,Did Not Survive
Dataset 2,31027,2,1,"Renouf, Mrs. Peter Henry (Lillian Jefferys)",female,30.0,3.0,21.0,S,Survived
Dataset 2,230434,2,1,"Reynaldo, Ms. Encarnacion",female,28.0,0.0,13.0,S,Survived
Dataset 2,SC/PARIS 2133,2,0,"Richard, Mr. Emile",male,23.0,0.0,15.0458,C,Did Not Survive
Dataset 2,29106,2,1,"Richards, Master. George Sibley",male,0.83,2.0,18.75,S,Survived
Dataset 2,29106,2,1,"Richards, Master. William Rowe",male,3.0,2.0,18.75,S,Survived
Dataset 2,29106,2,1,"Richards, Mrs. Sidney (Emily Hocking)",female,24.0,5.0,18.75,S,Survived
Dataset 2,W./C. 14258,2,1,"Ridsdale, Miss. Lucy",female,50.0,0.0,10.5,S,Survived
Dataset 2,28004,2,0,"Rogers, Mr. Reginald Harry",male,19.0,0.0,10.5,S,Did Not Survive
Dataset 2,C.A. 31026,2,1,"Rugg, Miss. Emily",female,21.0,0.0,10.5,S,Survived
Dataset 2,248659,2,0,"Schmidt, Mr. August",male,26.0,0.0,13.0,S,Did Not Survive
Dataset 2,244361,2,0,"Sedgwick, Mr. Charles Frederick Waddington",male,25.0,0.0,13.0,S,Did Not Survive
Dataset 2,244358,2,0,"Sharp, Mr. Percival James R",male,27.0,0.0,26.0,S,Did Not Survive
Dataset 2,230433,2,1,"Shelley, Mrs. William (Imanita Parrish Hall)",female,25.0,1.0,26.0,S,Survived
Dataset 2,250652,2,1,"Silven, Miss. Lyyli Karoliina",female,18.0,2.0,13.0,S,Survived
Dataset 2,C.A. 33112,2,1,"Sincock, Miss. Maude",female,20.0,0.0,36.75,S,Survived
Dataset 2,250648,2,1,"Sinkkonen, Miss. Anna",female,30.0,0.0,13.0,S,Survived
Dataset 2,237442,2,0,"Sjostedt, Mr. Ernst Adolf",male,59.0,0.0,13.5,S,Did Not Survive
Dataset 2,234818,2,1,"Slayter, Miss. Hilda Mary",female,30.0,0.0,12.35,Q,Survived
Dataset 2,28206,2,0,"Slemen, Mr. Richard James",male,35.0,0.0,10.5,S,Did Not Survive
Dataset 2,31418,2,1,"Smith, Miss. Marion Elsie",female,40.0,0.0,13.0,S,Survived
Dataset 2,C.A. 29178,2,0,"Sobey, Mr. Samuel James Hayden",male,25.0,0.0,13.0,S,Did Not Survive
Dataset 2,237734,2,0,"Stanton, Mr. Samuel Ward",male,41.0,0.0,15.0458,C,Did Not Survive
Dataset 2,F.C.C. 13540,2,0,"Stokes, Mr. Philip Joseph",male,25.0,0.0,10.5,S,Did Not Survive
Dataset 2,248734,2,0,"Swane, Mr. George",male,18.5,0.0,13.0,S,Did Not Survive
Dataset 2,220845,2,0,"Sweet, Mr. George Frederick",male,14.0,0.0,65.0,S,Did Not Survive
Dataset 2,F.C.C. 13531,2,1,"Toomey, Miss. Ellen",female,50.0,0.0,10.5,S,Survived
Dataset 2,233639,2,0,"Troupiansky, Mr. Moses Aaron",male,23.0,0.0,13.0,S,Did Not Survive
Dataset 2,240929,2,1,"Trout, Mrs. William H (Jessie L)",female,28.0,0.0,12.65,S,Survived
Dataset 2,34218,2,1,"Troutt, Miss. Edwina Celia ""Winnie""",female,27.0,0.0,10.5,S,Survived
Dataset 2,11668,2,0,"Turpin, Mr. William John Robert",male,29.0,1.0,21.0,S,Did Not Survive
Dataset 2,11668,2,0,"Turpin, Mrs. William John Robert (Dorothy Ann Wonnacott)",female,27.0,1.0,21.0,S,Did Not Survive
Dataset 2,28221,2,0,"Veal, Mr. James",male,40.0,0.0,13.0,S,Did Not Survive
Dataset 2,F.C.C. 13528,2,1,"Walcroft, Miss. Nellie",female,31.0,0.0,21.0,S,Survived
Dataset 2,CA 31352,2,0,"Ware, Mr. John James",male,30.0,1.0,21.0,S,Did Not Survive
Dataset 2,28666,2,0,"Ware, Mr. William Jeffery",male,23.0,1.0,10.5,S,Did Not Survive
Dataset 2,CA 31352,2,1,"Ware, Mrs. John James (Florence Louise Long)",female,31.0,0.0,21.0,S,Survived
Dataset 2,239856,2,0,"Watson, Mr. Ennis Hastings",male,,0.0,0.0,S,Did Not Survive
Dataset 2,C.A. 33595,2,1,"Watt, Miss. Bertha J",female,12.0,0.0,15.75,S,Survived
Dataset 2,C.A. 33595,2,1,"Watt, Mrs. James (Elizabeth ""Bessie"" Inglis Milne)",female,40.0,0.0,15.75,S,Survived
Dataset 2,27267,2,1,"Webber, Miss. Susan",female,32.5,0.0,13.0,S,Survived
Dataset 2,228414,2,0,"Weisz, Mr. Leopold",male,27.0,1.0,26.0,S,Did Not Survive
Dataset 2,228414,2,1,"Weisz, Mrs. Leopold (Mathilde Francoise Pede)",female,29.0,1.0,26.0,S,Survived
Dataset 2,29103,2,1,"Wells, Master. Ralph Lester",male,2.0,2.0,23.0,S,Survived
Dataset 2,29103,2,1,"Wells, Miss. Joan",female,4.0,2.0,23.0,S,Survived
Dataset 2,29103,2,1,"Wells, Mrs. Arthur Henry (""Addie"" Dart Trevaskis)",female,29.0,2.0,23.0,S,Survived
Dataset 2,C.A. 34651,2,1,"West, Miss. Barbara J",female,0.92,3.0,27.75,S,Survived
Dataset 2,C.A. 34651,2,1,"West, Miss. Constance Mirium",female,5.0,3.0,27.75,S,Survived
Dataset 2,C.A. 34651,2,0,"West, Mr. Edwy Arthur",male,36.0,3.0,27.75,S,Did Not Survive
Dataset 2,C.A. 34651,2,1,"West, Mrs. Edwy Arthur (Ada Mary Worth)",female,33.0,3.0,27.75,S,Survived
Dataset 2,C.A. 24579,2,0,"Wheadon, Mr. Edward H",male,66.0,0.0,10.5,S,Did Not Survive
Dataset 2,SC/PARIS 2159,2,0,"Wheeler, Mr. Edwin ""Frederick""",male,,0.0,12.875,S,Did Not Survive
Dataset 2,244270,2,1,"Wilhelms, Mr. Charles",male,31.0,0.0,13.0,S,Survived
Dataset 2,244373,2,1,"Williams, Mr. Charles Eugene",male,,0.0,13.0,S,Survived
Dataset 2,220844,2,1,"Wright, Miss. Marion",female,26.0,0.0,13.5,S,Survived
Dataset 2,248747,2,0,"Yrois, Miss. Henriette (""Mrs Harbeck"")",female,24.0,0.0,13.0,S,Did Not Survive
Dataset 2,C.A. 5547,3,0,"Abbing, Mr. Anthony",male,42.0,0.0,7.55,S,Did Not Survive
Dataset 2,C.A. 2673,3,0,"Abbott, Master. Eugene Joseph",male,13.0,2.0,20.25,S,Did Not Survive
Dataset 2,C.A. 2673,3,0,"Abbott, Mr. Rossmore Edward",male,16.0,2.0,20.25,S,Did Not Survive
Dataset 2,C.A. 2673,3,1,"Abbott, Mrs. Stanton (Rosa Hunt)",female,35.0,2.0,20.25,S,Survived
Dataset 2,348125,3,1,"Abelseth, Miss. Karen Marie",female,16.0,0.0,7.65,S,Survived
Dataset 2,348122,3,1,"Abelseth, Mr. Olaus Jorgensen",male,25.0,0.0,7.65,S,Survived
Dataset 2,SOTON/O2 3101284,3,1,"Abrahamsson, Mr. Abraham August Johannes",male,20.0,0.0,7.925,S,Survived
Dataset 2,2657,3,1,"Abrahim, Mrs. Joseph (Sophie Halaut Easu)",female,18.0,0.0,7.2292,C,Survived
Dataset 2,C 7076,3,0,"Adahl, Mr. Mauritz Nils Martin",male,30.0,0.0,7.25,S,Did Not Survive
Dataset 2,341826,3,0,"Adams, Mr. John",male,26.0,0.0,8.05,S,Did Not Survive
Dataset 2,7546,3,0,"Ahlin, Mrs. Johan (Johanna Persdotter Larsson)",female,40.0,1.0,9.475,S,Did Not Survive
Dataset 2,392091,3,1,"Aks, Master. Philip Frank",male,0.83,1.0,9.35,S,Survived
Dataset 2,392091,3,1,"Aks, Mrs. Sam (Leah Rosen)",female,18.0,1.0,9.35,S,Survived
Dataset 2,2699,3,1,"Albimona, Mr. Nassef Cassem",male,26.0,0.0,18.7875,C,Survived
Dataset 2,3474,3,0,"Alexander, Mr. William",male,26.0,0.0,7.8875,S,Did Not Survive
Dataset 2,SOTON/O2 3101287,3,0,"Alhomaki, Mr. Ilmari Rudolf",male,20.0,0.0,7.925,S,Did Not Survive
Dataset 2,SOTON/O.Q. 3101311,3,0,"Ali, Mr. Ahmed",male,24.0,0.0,7.05,S,Did Not Survive
Dataset 2,SOTON/O.Q. 3101312,3,0,"Ali, Mr. William",male,25.0,0.0,7.05,S,Did Not Survive
Dataset 2,373450,3,0,"Allen, Mr. William Henry",male,35.0,0.0,8.05,S,Did Not Survive
Dataset 2,2223,3,0,"Allum, Mr. Owen George",male,18.0,0.0,8.3,S,Did Not Survive
Dataset 2,C 4001,3,0,"Andersen, Mr. Albert Karvin",male,32.0,0.0,22.525,S,Did Not Survive
Dataset 2,350046,3,1,"Andersen-Jensen, Miss. Carla Christine Nielsine",female,19.0,1.0,7.8542,S,Survived
Dataset 2,347082,3,0,"Andersson, Master. Sigvard Harald Elias",male,4.0,6.0,31.275,S,Did Not Survive
Dataset 2,347082,3,0,"Andersson, Miss. Ebba Iris Alfrida",female,6.0,6.0,31.275,S,Did Not Survive
Dataset 2,347082,3,0,"Andersson, Miss. Ellis Anna Maria",female,2.0,6.0,31.275,S,Did Not Survive
Dataset 2,3101281,3,1,"Andersson, Miss. Erna Alexandra",female,17.0,6.0,7.925,S,Survived
Dataset 2,347091,3,0,"Andersson, Miss. Ida Augusta Margareta",female,38.0,6.0,7.775,S,Did Not Survive
Dataset 2,347082,3,0,"Andersson, Miss. Ingeborg Constanzia",female,9.0,6.0,31.275,S,Did Not Survive
Dataset 2,347082,3,0,"Andersson, Miss. Sigrid Elisabeth",female,11.0,6.0,31.275,S,Did Not Survive
Dataset 2,347082,3,0,"Andersson, Mr. Anders Johan",male,39.0,6.0,31.275,S,Did Not Survive
Dataset 2,350043,3,1,"Andersson, Mr. August Edvard (""Wennerstrom"")",male,27.0,0.0,7.7958,S,Survived
Dataset 2,347075,3,0,"Andersson, Mr. Johan Samuel",male,26.0,0.0,7.775,S,Did Not Survive
Dataset 2,347082,3,0,"Andersson, Mrs. Anders Johan (Alfrida Konstantia Brogren)",female,39.0,6.0,31.275,S,Did Not Survive
Dataset 2,347466,3,0,"Andreasson, Mr. Paul Edvin",male,20.0,0.0,7.8542,S,Did Not Survive
Dataset 2,349202,3,0,"Angheloff, Mr. Minko",male,26.0,0.0,7.8958,S,Did Not Survive
Dataset 2,349237,3,0,"Arnold-Franchi, Mr. Josef",male,25.0,1.0,17.8,S,Did Not Survive
Dataset 2,349237,3,0,"Arnold-Franchi, Mrs. Josef (Josefine Franchi)",female,18.0,1.0,17.8,S,Did Not Survive
Dataset 2,349911,3,0,"Aronsson, Mr. Ernst Axel Algot",male,24.0,0.0,7.775,S,Did Not Survive
Dataset 2,SOTON/O.Q. 3101310,3,0,"Asim, Mr. Adola",male,35.0,0.0,7.05,S,Did Not Survive
Dataset 2,347077,3,0,"Asplund, Master. Carl Edgar",male,5.0,6.0,31.3875,S,Did Not Survive
Dataset 2,347077,3,0,"Asplund, Master. Clarence Gustaf Hugo",male,9.0,6.0,31.3875,S,Did Not Survive
Dataset 2,347077,3,1,"Asplund, Master. Edvin Rojj Felix",male,3.0,6.0,31.3875,S,Survived
Dataset 2,347077,3,0,"Asplund, Master. Filip Oscar",male,13.0,6.0,31.3875,S,Did Not Survive
Dataset 2,347077,3,1,"Asplund, Miss. Lillian Gertrud",female,5.0,6.0,31.3875,S,Survived
Dataset 2,347077,3,0,"Asplund, Mr. Carl Oscar Vilhelm Gustafsson",male,40.0,6.0,31.3875,S,Did Not Survive
Dataset 2,350054,3,1,"Asplund, Mr. Johan Charles",male,23.0,0.0,7.7958,S,Survived
Dataset 2,347077,3,1,"Asplund, Mrs. Carl Oscar (Selma Augusta Emilia Johansson)",female,38.0,6.0,31.3875,S,Survived
Dataset 2,2696,3,1,"Assaf Khalil, Mrs. Mariana (""Miriam"")",female,45.0,0.0,7.225,C,Survived
Dataset 2,2692,3,0,"Assaf, Mr. Gerios",male,21.0,0.0,7.225,C,Did Not Survive
Dataset 2,SOTON/O.Q. 3101309,3,0,"Assam, Mr. Ali",male,23.0,0.0,7.05,S,Did Not Survive
Dataset 2,2627,3,0,"Attalah, Miss. Malake",female,17.0,0.0,14.4583,C,Did Not Survive
Dataset 2,2694,3,0,"Attalah, Mr. Sleiman",male,30.0,0.0,7.225,C,Did Not Survive
Dataset 2,347468,3,0,"Augustsson, Mr. Albert",male,23.0,0.0,7.8542,S,Did Not Survive
Dataset 2,2687,3,1,"Ayoub, Miss. Banoura",female,13.0,0.0,7.2292,C,Survived
Dataset 2,2679,3,0,"Baccos, Mr. Raffull",male,20.0,0.0,7.225,C,Did Not Survive
Dataset 2,3101278,3,0,"Backstrom, Mr. Karl Alfred",male,32.0,1.0,15.85,S,Did Not Survive
Dataset 2,3101278,3,1,"Backstrom, Mrs. Karl Alfred (Maria Mathilda Gustafsson)",female,33.0,3.0,15.85,S,Survived
Dataset 2,2666,3,1,"Baclini, Miss. Eugenie",female,0.75,3.0,19.2583,C,Survived
Dataset 2,2666,3,1,"Baclini, Miss. Helene Barbara",female,0.75,3.0,19.2583,C,Survived
Dataset 2,2666,3,1,"Baclini, Miss. Marie Catherine",female,5.0,3.0,19.2583,C,Survived
Dataset 2,2666,3,1,"Baclini, Mrs. Solomon (Latifa Qurban)",female,24.0,3.0,19.2583,C,Survived
Dataset 2,A/4 31416,3,1,"Badman, Miss. Emily Louisa",female,18.0,0.0,8.05,S,Survived
Dataset 2,2623,3,0,"Badt, Mr. Mohamed",male,40.0,0.0,7.225,C,Did Not Survive
Dataset 2,349248,3,0,"Balkic, Mr. Cerin",male,26.0,0.0,7.8958,S,Did Not Survive
Dataset 2,2663,3,1,"Barah, Mr. Hanna Assi",male,20.0,0.0,7.2292,C,Survived
Dataset 2,2691,3,0,"Barbara, Miss. Saiide",female,18.0,1.0,14.4542,C,Did Not Survive
Dataset 2,2691,3,0,"Barbara, Mrs. (Catherine David)",female,45.0,1.0,14.4542,C,Did Not Survive
Dataset 2,330844,3,0,"Barry, Miss. Julia",female,27.0,0.0,7.8792,Q,Did Not Survive
Dataset 2,324669,3,0,"Barton, Mr. David John",male,22.0,0.0,8.05,S,Did Not Survive
Dataset 2,323951,3,0,"Beavan, Mr. William Thomas",male,19.0,0.0,8.05,S,Did Not Survive
Dataset 2,347068,3,0,"Bengtsson, Mr. John Viktor",male,26.0,0.0,7.775,S,Did Not Survive
Dataset 2,PP 4348,3,0,"Berglund, Mr. Karl Ivar Sven",male,22.0,0.0,9.35,S,Did Not Survive
Dataset 2,2622,3,0,"Betros, Master. Seman",male,,0.0,7.2292,C,Did Not Survive
Dataset 2,2648,3,0,"Betros, Mr. Tannous",male,20.0,0.0,4.0125,C,Did Not Survive
Dataset 2,1601,3,1,"Bing, Mr. Lee",male,32.0,0.0,56.4958,S,Survived
Dataset 2,312992,3,0,"Birkeland, Mr. Hans Martin Monsen",male,21.0,0.0,7.775,S,Did Not Survive
Dataset 2,347090,3,0,"Bjorklund, Mr. Ernst Herbert",male,18.0,0.0,7.75,S,Did Not Survive
Dataset 2,349224,3,0,"Bostandyeff, Mr. Guentcho",male,26.0,0.0,7.8958,S,Did Not Survive
Dataset 2,2678,3,0,"Boulos, Master. Akar",male,6.0,2.0,15.2458,C,Did Not Survive
Dataset 2,2678,3,0,"Boulos, Miss. Nourelain",female,9.0,2.0,15.2458,C,Did Not Survive
Dataset 2,2664,3,0,"Boulos, Mr. Hanna",male,,0.0,7.225,C,Did Not Survive
Dataset 2,2678,3,0,"Boulos, Mrs. Joseph (Sultana)",female,,2.0,15.2458,C,Did Not Survive
Dataset 2,364848,3,0,"Bourke, Miss. Mary",female,,2.0,7.75,Q,Did Not Survive
Dataset 2,364849,3,0,"Bourke, Mr. John",male,40.0,2.0,15.5,Q,Did Not Survive
Dataset 2,364849,3,0,"Bourke, Mrs. John (Catherine)",female,32.0,2.0,15.5,Q,Did Not Survive
Dataset 2,54636,3,0,"Bowen, Mr. David John ""Dai""",male,21.0,0.0,16.1,S,Did Not Survive
Dataset 2,334914,3,1,"Bradley, Miss. Bridget Delia",female,22.0,0.0,7.725,Q,Survived
Dataset 2,347471,3,0,"Braf, Miss. Elin Ester Maria",female,20.0,0.0,7.8542,S,Did Not Survive
Dataset 2,3460,3,0,"Braund, Mr. Lewis Richard",male,29.0,1.0,7.0458,S,Did Not Survive
Dataset 2,A/5 21171,3,0,"Braund, Mr. Owen Harris",male,22.0,1.0,7.25,S,Did Not Survive
Dataset 2,350045,3,0,"Brobeck, Mr. Karl Rudolf",male,22.0,0.0,7.7958,S,Did Not Survive
Dataset 2,364512,3,0,"Brocklebank, Mr. William Alfred",male,35.0,0.0,8.05,S,Did Not Survive
Dataset 2,329944,3,0,"Buckley, Miss. Katherine",female,18.5,0.0,7.2833,Q,Did Not Survive
Dataset 2,330920,3,1,"Buckley, Mr. Daniel",male,21.0,0.0,7.8208,Q,Survived
Dataset 2,365222,3,0,"Burke, Mr. Jeremiah",male,19.0,0.0,6.75,Q,Did Not Survive
Dataset 2,330963,3,0,"Burns, Miss. Mary Delia",female,18.0,0.0,7.8792,Q,Did Not Survive
Dataset 2,315087,3,0,"Cacic, Miss. Manda",female,21.0,0.0,8.6625,S,Did Not Survive
Dataset 2,315084,3,0,"Cacic, Miss. Marija",female,30.0,0.0,8.6625,S,Did Not Survive
Dataset 2,315091,3,0,"Cacic, Mr. Jego Grga",male,18.0,0.0,8.6625,S,Did Not Survive
Dataset 2,315089,3,0,"Cacic, Mr. Luka",male,38.0,0.0,8.6625,S,Did Not Survive
Dataset 2,315093,3,0,"Calic, Mr. Jovo",male,17.0,0.0,8.6625,S,Did Not Survive
Dataset 2,315086,3,0,"Calic, Mr. Petar",male,17.0,0.0,8.6625,S,Did Not Survive
Dataset 2,364846,3,0,"Canavan, Miss. Mary",female,21.0,0.0,7.75,Q,Did Not Survive
Dataset 2,364858,3,0,"Canavan, Mr. Patrick",male,21.0,0.0,7.75,Q,Did Not Survive
Dataset 2,A./5. 2152,3,0,"Cann, Mr. Ernest Charles",male,21.0,0.0,8.05,S,Did Not Survive
Dataset 2,2689,3,0,"Caram, Mr. Joseph",male,,1.0,14.4583,C,Did Not Survive
Dataset 2,2689,3,0,"Caram, Mrs. Joseph (Maria Elias)",female,,1.0,14.4583,C,Did Not Survive
Dataset 2,350042,3,0,"Carlsson, Mr. August Sigfrid",male,28.0,0.0,7.7958,S,Did Not Survive
Dataset 2,350409,3,0,"Carlsson, Mr. Carl Robert",male,24.0,0.0,7.8542,S,Did Not Survive
Dataset 2,367231,3,1,"Carr, Miss. Helen ""Ellen""",female,16.0,0.0,7.75,Q,Survived
Dataset 2,368364,3,0,"Carr, Miss. Jeannie",female,37.0,0.0,7.75,Q,Did Not Survive
Dataset 2,392095,3,0,"Carver, Mr. Alfred John",male,28.0,0.0,7.25,S,Did Not Survive
Dataset 2,343275,3,0,"Celotti, Mr. Francesco",male,24.0,0.0,8.05,S,Did Not Survive
Dataset 2,A/5. 13032,3,0,"Charters, Mr. David",male,21.0,0.0,7.7333,Q,Did Not Survive
Dataset 2,1601,3,1,"Chip, Mr. Chang",male,32.0,0.0,56.4958,S,Survived
Dataset 2,343276,3,0,"Christmann, Mr. Emil",male,29.0,0.0,8.05,S,Did Not Survive
Dataset 2,2680,3,0,"Chronopoulos, Mr. Apostolos",male,26.0,1.0,14.4542,C,Did Not Survive
Dataset 2,2680,3,0,"Chronopoulos, Mr. Demetrios",male,18.0,1.0,14.4542,C,Did Not Survive
Dataset 2,SOTON/O.Q. 3101307,3,0,"Coelho, Mr. Domingos Fernandeo",male,20.0,0.0,7.05,S,Did Not Survive
Dataset 2,A/5 3540,3,1,"Cohen, Mr. Gurshon ""Gus""",male,18.0,0.0,8.05,S,Survived
Dataset 2,371109,3,0,"Colbert, Mr. Patrick",male,24.0,0.0,7.25,Q,Did Not Survive
Dataset 2,349210,3,0,"Coleff, Mr. Peju",male,36.0,0.0,7.4958,S,Did Not Survive
Dataset 2,349209,3,0,"Coleff, Mr. Satio",male,24.0,0.0,7.4958,S,Did Not Survive
Dataset 2,21332,3,0,"Conlon, Mr. Thomas Henry",male,31.0,0.0,7.7333,Q,Did Not Survive
Dataset 2,335097,3,0,"Connaghton, Mr. Michael",male,31.0,0.0,7.75,Q,Did Not Survive
Dataset 2,370373,3,1,"Connolly, Miss. Kate",female,22.0,0.0,7.75,Q,Survived
Dataset 2,330972,3,0,"Connolly, Miss. Kate",female,30.0,0.0,7.6292,Q,Did Not Survive
Dataset 2,370369,3,0,"Connors, Mr. Patrick",male,70.5,0.0,7.75,Q,Did Not Survive
Dataset 2,A/5 3536,3,0,"Cook, Mr. Jacob",male,43.0,0.0,8.05,S,Did Not Survive
Dataset 2,349230,3,0,"Cor, Mr. Bartol",male,35.0,0.0,7.8958,S,Did Not Survive
Dataset 2,349229,3,0,"Cor, Mr. Ivan",male,27.0,0.0,7.8958,S,Did Not Survive
Dataset 2,349231,3,0,"Cor, Mr. Liudevit",male,19.0,0.0,7.8958,S,Did Not Survive
Dataset 2,SOTON/OQ 392090,3,0,"Corn, Mr. Harry",male,30.0,0.0,8.05,S,Did Not Survive
Dataset 2,C.A. 37671,3,1,"Coutts, Master. Eden Leslie ""Neville""",male,9.0,2.0,15.9,S,Survived
Dataset 2,C.A. 37671,3,1,"Coutts, Master. William Loch ""William""",male,3.0,2.0,15.9,S,Survived
Dataset 2,C.A. 37671,3,1,"Coutts, Mrs. William (Winnie ""Minnie"" Treanor)",female,36.0,2.0,15.9,S,Survived
Dataset 2,364500,3,0,"Coxon, Mr. Daniel",male,59.0,0.0,7.25,S,Did Not Survive
Dataset 2,S.P. 3464,3,0,"Crease, Mr. Ernest James",male,19.0,0.0,8.1583,S,Did Not Survive
Dataset 2,371362,3,1,"Cribb, Miss. Laura Alice",female,17.0,1.0,16.1,S,Survived
Dataset 2,371362,3,0,"Cribb, Mr. John Hatfield",male,44.0,1.0,16.1,S,Did Not Survive
Dataset 2,315090,3,0,"Culumovic, Mr. Jeso",male,17.0,0.0,8.6625,S,Did Not Survive
Dataset 2,2698,3,0,"Daher, Mr. Shedid",male,22.5,0.0,7.225,C,Did Not Survive
Dataset 2,7598,3,1,"Dahl, Mr. Karl Edwart",male,45.0,0.0,8.05,S,Survived
Dataset 2,7552,3,0,"Dahlberg, Miss. Gerda Ulrika",female,22.0,0.0,10.5167,S,Did Not Survive
Dataset 2,349228,3,0,"Dakic, Mr. Branko",male,19.0,0.0,10.1708,S,Did Not Survive
Dataset 2,382650,3,1,"Daly, Miss. Margaret Marcella ""Maggie""",female,30.0,0.0,6.95,Q,Survived
Dataset 2,382651,3,1,"Daly, Mr. Eugene Patrick",male,29.0,0.0,7.75,Q,Survived
Dataset 2,347080,3,0,"Danbom, Master. Gilbert Sigvard Emanuel",male,0.33,2.0,14.4,S,Did Not Survive
Dataset 2,347080,3,0,"Danbom, Mr. Ernst Gilbert",male,34.0,2.0,14.4,S,Did Not Survive
Dataset 2,347080,3,0,"Danbom, Mrs. Ernst Gilbert (Anna Sigrid Maria Brogren)",female,28.0,2.0,14.4,S,Did Not Survive
Dataset 2,349219,3,0,"Danoff, Mr. Yoto",male,27.0,0.0,7.8958,S,Did Not Survive
Dataset 2,349203,3,0,"Dantcheff, Mr. Ristiu",male,25.0,0.0,7.8958,S,Did Not Survive
Dataset 2,A/4 48871,3,0,"Davies, Mr. Alfred J",male,24.0,2.0,24.15,S,Did Not Survive
Dataset 2,SC/A4 23568,3,0,"Davies, Mr. Evan",male,22.0,0.0,8.05,S,Did Not Survive
Dataset 2,A/4 48871,3,0,"Davies, Mr. John Samuel",male,21.0,2.0,24.15,S,Did Not Survive
Dataset 2,A/4 48873,3,0,"Davies, Mr. Joseph",male,17.0,2.0,8.05,S,Did Not Survive
Dataset 2,386525,3,0,"Davison, Mr. Thomas Henry",male,,1.0,16.1,S,Did Not Survive
Dataset 2,386525,3,1,"Davison, Mrs. Thomas Henry (Mary E Finck)",female,,1.0,16.1,S,Survived
Dataset 2,345572,3,1,"de Messemaeker, Mr. Guillaume Joseph",male,36.5,1.0,17.4,S,Survived
Dataset 2,345572,3,1,"de Messemaeker, Mrs. Guillaume Joseph (Emma)",female,36.0,1.0,17.4,S,Survived
Dataset 2,345774,3,1,"de Mulder, Mr. Theodore",male,30.0,0.0,9.5,S,Survived
Dataset 2,345778,3,0,"de Pelsmaeker, Mr. Alfons",male,16.0,0.0,9.5,S,Did Not Survive
Dataset 2,C.A. 2315,3,1,"Dean, Master. Bertram Vere",male,1.0,3.0,20.575,S,Survived
Dataset 2,C.A. 2315,3,1,"Dean, Miss. Elizabeth Gladys ""Millvina""",female,0.17,3.0,20.575,S,Survived
Dataset 2,C.A. 2315,3,0,"Dean, Mr. Bertram Frank",male,26.0,3.0,20.575,S,Did Not Survive
Dataset 2,C.A. 2315,3,1,"Dean, Mrs. Bertram (Eva Georgetta Light)",female,33.0,3.0,20.575,S,Survived
Dataset 2,349250,3,0,"Delalic, Mr. Redjo",male,25.0,0.0,7.8958,S,Did Not Survive
Dataset 2,349238,3,0,"Demetri, Mr. Marinko",male,,0.0,7.8958,S,Did Not Survive
Dataset 2,349225,3,0,"Denkoff, Mr. Mitto",male,,0.0,7.8958,S,Did Not Survive
Dataset 2,A/5 21172,3,0,"Dennis, Mr. Samuel",male,22.0,0.0,7.25,S,Did Not Survive
Dataset 2,A/5 21175,3,0,"Dennis, Mr. William",male,36.0,0.0,7.25,S,Did Not Survive
Dataset 2,330958,3,1,"Devaney, Miss. Margaret Delia",female,19.0,0.0,7.8792,Q,Survived
Dataset 2,349232,3,0,"Dika, Mr. Mirko",male,17.0,0.0,7.8958,S,Did Not Survive
Dataset 2,315088,3,0,"Dimic, Mr. Jovan",male,42.0,0.0,8.6625,S,Did Not Survive
Dataset 2,349226,3,0,"Dintcheff, Mr. Valtcho",male,43.0,0.0,7.8958,S,Did Not Survive
Dataset 2,2686,3,0,"Doharr, Mr. Tannous",male,,0.0,7.2292,C,Did Not Survive
Dataset 2,370376,3,0,"Dooley, Mr. Patrick",male,32.0,0.0,7.75,Q,Did Not Survive
Dataset 2,A/5. 10482,3,1,"Dorking, Mr. Edward Arthur",male,19.0,0.0,8.05,S,Survived
Dataset 2,364516,3,1,"Dowdell, Miss. Elizabeth",female,30.0,0.0,12.475,S,Survived
Dataset 2,368702,3,0,"Doyle, Miss. Elizabeth",female,24.0,0.0,7.75,Q,Did Not Survive
Dataset 2,SOTON/OQ 392083,3,1,"Drapkin, Miss. Jennie",female,23.0,0.0,8.05,S,Survived
Dataset 2,349241,3,0,"Drazenoic, Mr. Jozef",male,33.0,0.0,7.8958,C,Did Not Survive
Dataset 2,336439,3,0,"Duane, Mr. Frank",male,65.0,0.0,7.75,Q,Did Not Survive
Dataset 2,S.O./P.P. 752,3,1,"Duquemin, Mr. Joseph",male,24.0,0.0,7.55,S,Survived
Dataset 2,347072,3,0,"Dyker, Mr. Adolf Fredrik",male,23.0,1.0,13.9,S,Did Not Survive
Dataset 2,347072,3,1,"Dyker, Mrs. Adolf Fredrik (Anna Elisabeth Judith Andersson)",female,22.0,1.0,13.9,S,Survived
Dataset 2,349912,3,0,"Edvardsson, Mr. Gustaf Hjalmar",male,18.0,0.0,7.775,S,Did Not Survive
Dataset 2,347074,3,0,"Eklund, Mr. Hans Linus",male,16.0,0.0,7.775,S,Did Not Survive
Dataset 2,347061,3,0,"Ekstrom, Mr. Johan",male,45.0,0.0,6.975,S,Did Not Survive
Dataset 2,2674,3,0,"Elias, Mr. Dibo",male,,0.0,7.225,C,Did Not Survive
Dataset 2,2675,3,0,"Elias, Mr. Joseph",male,39.0,2.0,7.2292,C,Did Not Survive
Dataset 2,2690,3,0,"Elias, Mr. Joseph Jr",male,17.0,2.0,7.2292,C,Did Not Survive
Dataset 2,2695,3,0,"Elias, Mr. Tannous",male,15.0,2.0,7.2292,C,Did Not Survive
Dataset 2,A/5 3902,3,0,"Elsbury, Mr. William James",male,47.0,0.0,7.25,S,Did Not Survive
Dataset 2,364516,3,1,"Emanuel, Miss. Virginia Ethel",female,5.0,0.0,12.475,S,Survived
Dataset 2,2631,3,0,"Emir, Mr. Farred Chehab",male,,0.0,7.225,C,Did Not Survive
Dataset 2,C.A. 6212,3,0,"Everett, Mr. Thomas James",male,40.5,0.0,15.1,S,Did Not Survive
Dataset 2,367232,3,0,"Farrell, Mr. James",male,40.5,0.0,7.75,Q,Did Not Survive
Dataset 2,SOTON/O.Q. 3101308,3,1,"Finoli, Mr. Luigi",male,,0.0,7.05,S,Survived
Dataset 2,350036,3,0,"Fischer, Mr. Eberhard Thelander",male,18.0,0.0,7.7958,S,Did Not Survive
Dataset 2,364859,3,0,"Fleming, Miss. Honora",female,,0.0,7.75,Q,Did Not Survive
Dataset 2,364851,3,0,"Flynn, Mr. James",male,,0.0,7.75,Q,Did Not Survive
Dataset 2,368323,3,0,"Flynn, Mr. John",male,,0.0,6.95,Q,Did Not Survive
Dataset 2,330910,3,0,"Foley, Mr. Joseph",male,26.0,0.0,7.8792,Q,Did Not Survive
Dataset 2,365235,3,0,"Foley, Mr. William",male,,0.0,7.75,Q,Did Not Survive
Dataset 2,1601,3,1,"Foo, Mr. Choong",male,,0.0,56.4958,S,Survived
Dataset 2,W./C. 6608,3,0,"Ford, Miss. Doolina Margaret ""Daisy""",female,21.0,4.0,34.375,S,Did Not Survive
Dataset 2,W./C. 6608,3,0,"Ford, Miss. Robina Maggie ""Ruby""",female,9.0,4.0,34.375,S,Did Not Survive
Dataset 2,A/5 1478,3,0,"Ford, Mr. Arthur",male,,0.0,8.05,S,Did Not Survive
Dataset 2,W./C. 6608,3,0,"Ford, Mr. Edward Watson",male,18.0,4.0,34.375,S,Did Not Survive
Dataset 2,W./C. 6608,3,0,"Ford, Mr. William Neal",male,16.0,4.0,34.375,S,Did Not Survive
Dataset 2,W./C. 6608,3,0,"Ford, Mrs. Edward (Margaret Ann Watson)",female,48.0,4.0,34.375,S,Did Not Survive
Dataset 2,368573,3,0,"Fox, Mr. Patrick",male,,0.0,7.75,Q,Did Not Survive
Dataset 2,SOTON/O.Q. 3101314,3,0,"Franklin, Mr. Charles (Charles Fardon)",male,,0.0,7.25,S,Did Not Survive
Dataset 2,36864,3,0,"Gallagher, Mr. Martin",male,25.0,0.0,7.7417,Q,Did Not Survive
Dataset 2,358585,3,0,"Garfirth, Mr. John",male,,0.0,14.5,S,Did Not Survive
Dataset 2,349254,3,0,"Gheorgheff, Mr. Stanio",male,,0.0,7.8958,C,Did Not Survive
Dataset 2,14973,3,0,"Gilinski, Mr. Eliezer",male,22.0,0.0,8.05,S,Did Not Survive
Dataset 2,35851,3,1,"Gilnagh, Miss. Katherine ""Katie""",female,16.0,0.0,7.7333,Q,Survived
Dataset 2,335677,3,1,"Glynn, Miss. Mary Agatha",female,,0.0,7.75,Q,Survived
Dataset 2,363291,3,1,"Goldsmith, Master. Frank John William ""Frankie""",male,9.0,2.0,20.525,S,Survived
Dataset 2,363291,3,0,"Goldsmith, Mr. Frank John",male,33.0,2.0,20.525,S,Did Not Survive
Dataset 2,SOTON/O.Q. 3101263,3,0,"Goldsmith, Mr. Nathan",male,41.0,0.0,7.85,S,Did Not Survive
Dataset 2,363291,3,1,"Goldsmith, Mrs. Frank John (Emily Alice Brown)",female,31.0,2.0,20.525,S,Survived
Dataset 2,SOTON/O.Q. 3101306,3,0,"Goncalves, Mr. Manuel Estanslas",male,38.0,0.0,7.05,S,Did Not Survive
Dataset 2,CA 2144,3,0,"Goodwin, Master. Harold Victor",male,9.0,7.0,46.9,S,Did Not Survive
Dataset 2,CA 2144,3,0,"Goodwin, Master. Sidney Leonard",male,1.0,7.0,46.9,S,Did Not Survive
Dataset 2,CA 2144,3,0,"Goodwin, Master. William Frederick",male,11.0,7.0,46.9,S,Did Not Survive
Dataset 2,CA 2144,3,0,"Goodwin, Miss. Jessie Allis",female,10.0,7.0,46.9,S,Did Not Survive
Dataset 2,CA 2144,3,0,"Goodwin, Miss. Lillian Amy",female,16.0,7.0,46.9,S,Did Not Survive
Dataset 2,CA 2144,3,0,"Goodwin, Mr. Charles Edward",male,14.0,7.0,46.9,S,Did Not Survive
Dataset 2,CA 2144,3,0,"Goodwin, Mr. Charles Frederick",male,40.0,7.0,46.9,S,Did Not Survive
Dataset 2,CA 2144,3,0,"Goodwin, Mrs. Frederick (Augusta Tyler)",female,43.0,7.0,46.9,S,Did Not Survive
Dataset 2,21440,3,0,"Green, Mr. George Henry",male,51.0,0.0,8.05,S,Did Not Survive
Dataset 2,8471,3,0,"Gronnestad, Mr. Daniel Danielsen",male,32.0,0.0,8.3625,S,Did Not Survive
Dataset 2,376563,3,0,"Guest, Mr. Robert",male,,0.0,8.05,S,Did Not Survive
Dataset 2,7534,3,0,"Gustafsson, Mr. Alfred Ossian",male,20.0,0.0,9.8458,S,Did Not Survive
Dataset 2,3101276,3,0,"Gustafsson, Mr. Anders Vilhelm",male,37.0,2.0,7.925,S,Did Not Survive
Dataset 2,3101277,3,0,"Gustafsson, Mr. Johan Birger",male,28.0,2.0,7.925,S,Did Not Survive
Dataset 2,347069,3,0,"Gustafsson, Mr. Karl Gideon",male,19.0,0.0,7.775,S,Did Not Survive
Dataset 2,349236,3,0,"Haas, Miss. Aloisia",female,24.0,0.0,8.85,S,Did Not Survive
Dataset 2,AQ/3. 30631,3,0,"Hagardon, Miss. Kate",female,17.0,0.0,7.7333,Q,Did Not Survive
Dataset 2,65303,3,0,"Hagland, Mr. Ingvald Olai Olsen",male,,1.0,19.9667,S,Did Not Survive
Dataset 2,65304,3,0,"Hagland, Mr. Konrad Mathias Reiersen",male,,1.0,19.9667,S,Did Not Survive
Dataset 2,STON/O2. 3101279,3,0,"Hakkarainen, Mr. Pekka Pietari",male,28.0,1.0,15.85,S,Did Not Survive
Dataset 2,STON/O2. 3101279,3,1,"Hakkarainen, Mrs. Pekka Pietari (Elin Matilda Dolck)",female,24.0,1.0,15.85,S,Survived
Dataset 2,345769,3,0,"Hampe, Mr. Leon",male,20.0,0.0,9.5,S,Did Not Survive
Dataset 2,2693,3,0,"Hanna, Mr. Mansour",male,23.5,0.0,7.2292,C,Did Not Survive
Dataset 2,350026,3,0,"Hansen, Mr. Claus Peter",male,41.0,2.0,14.1083,S,Did Not Survive
Dataset 2,350025,3,0,"Hansen, Mr. Henrik Juul",male,26.0,1.0,7.8542,S,Did Not Survive
Dataset 2,350029,3,0,"Hansen, Mr. Henry Damsgaard",male,21.0,0.0,7.8542,S,Did Not Survive
Dataset 2,350026,3,1,"Hansen, Mrs. Claus Peter (Jennie L Howard)",female,45.0,1.0,14.1083,S,Survived
Dataset 2,W./C. 6609,3,0,"Harknett, Miss. Alice Phoebe",female,,0.0,7.55,S,Did Not Survive
Dataset 2,374887,3,0,"Harmer, Mr. Abraham (David Lishin)",male,25.0,0.0,7.25,S,Did Not Survive
Dataset 2,394140,3,0,"Hart, Mr. Henry",male,,0.0,6.8583,Q,Did Not Survive
Dataset 2,2699,3,0,"Hassan, Mr. Houssein G N",male,11.0,0.0,18.7875,C,Did Not Survive
Dataset 2,370375,3,1,"Healy, Miss. Hanora ""Nora""",female,,0.0,7.75,Q,Survived
Dataset 2,347089,3,1,"Hedman, Mr. Oskar Arvid",male,27.0,0.0,6.975,S,Survived
Dataset 2,1601,3,1,"Hee, Mr. Ling",male,,0.0,56.4958,S,Survived
Dataset 2,365226,3,0,"Hegarty, Miss. Hanora ""Nora""",female,18.0,0.0,6.75,Q,Did Not Survive
Dataset 2,STON/O2. 3101282,3,1,"Heikkinen, Miss. Laina",female,26.0,0.0,7.925,S,Survived
Dataset 2,STON/O2. 3101290,3,0,"Heininen, Miss. Wendla Maria",female,23.0,0.0,7.925,S,Did Not Survive
Dataset 2,7548,3,1,"Hellstrom, Miss. Hilda Maria",female,22.0,0.0,8.9625,S,Survived
Dataset 2,349243,3,0,"Hendekovic, Mr. Ignjac",male,28.0,0.0,7.8958,S,Did Not Survive
Dataset 2,347086,3,0,"Henriksson, Miss. Jenny Lovisa",female,28.0,0.0,7.775,S,Did Not Survive
Dataset 2,382649,3,0,"Henry, Miss. Delia",female,,0.0,7.75,Q,Did Not Survive
Dataset 2,3101298,3,1,"Hirvonen, Miss. Hildur E",female,2.0,1.0,12.2875,S,Survived
Dataset 2,3101298,3,1,"Hirvonen, Mrs. Alexander (Helga E Lindqvist)",female,22.0,2.0,12.2875,S,Survived
Dataset 2,C 7075,3,0,"Holm, Mr. John Fredrik Alexander",male,43.0,0.0,6.45,S,Did Not Survive
Dataset 2,C 4001,3,0,"Holthen, Mr. Johan Martin",male,28.0,0.0,22.525,S,Did Not Survive
Dataset 2,STON/O2. 3101283,3,1,"Honkanen, Miss. Eliina",female,27.0,0.0,7.925,S,Survived
Dataset 2,370377,3,0,"Horgan, Mr. John",male,,0.0,7.75,Q,Did Not Survive
Dataset 2,A. 2. 39186,3,1,"Howard, Miss. May Elizabeth",female,,0.0,8.05,S,Survived
Dataset 2,348121,3,0,"Humblen, Mr. Adolf Mathias Nicolai Olsen",male,42.0,0.0,7.65,S,Did Not Survive
Dataset 2,3470,3,1,"Hyman, Mr. Abraham",male,,0.0,7.8875,S,Survived
Dataset 2,2685,3,0,"Ibrahim Shawah, Mr. Yousseff",male,30.0,0.0,7.2292,C,Did Not Survive
Dataset 2,349220,3,0,"Ilieff, Mr. Ylio",male,,0.0,7.8958,S,Did Not Survive
Dataset 2,STON/O2. 3101270,3,0,"Ilmakangas, Miss. Ida Livija",female,27.0,1.0,7.925,S,Did Not Survive
Dataset 2,STON/O2. 3101271,3,0,"Ilmakangas, Miss. Pieta Sofia",female,25.0,1.0,7.925,S,Did Not Survive
Dataset 2,349201,3,0,"Ivanoff, Mr. Kanio",male,,0.0,7.8958,S,Did Not Survive
Dataset 2,349240,3,1,"Jalsevac, Mr. Ivan",male,29.0,0.0,7.8958,C,Survived
Dataset 2,350034,3,1,"Jansson, Mr. Carl Olof",male,21.0,0.0,7.7958,S,Survived
Dataset 2,SOTON/O.Q. 3101305,3,0,"Jardin, Mr. Jose Neto",male,,0.0,7.05,S,Did Not Survive
Dataset 2,350050,3,0,"Jensen, Mr. Hans Peder",male,20.0,0.0,7.8542,S,Did Not Survive
Dataset 2,350047,3,0,"Jensen, Mr. Niels Peder",male,48.0,0.0,7.8542,S,Did Not Survive
Dataset 2,350048,3,0,"Jensen, Mr. Svend Lauritz",male,17.0,1.0,7.0542,S,Did Not Survive
Dataset 2,14313,3,1,"Jermyn, Miss. Annie",female,,0.0,7.75,Q,Survived
Dataset 2,65306,3,1,"Johannesen-Bratthammer, Mr. Bernt",male,,0.0,8.1125,S,Survived
Dataset 2,3101264,3,0,"Johanson, Mr. Jakob Alfred",male,34.0,0.0,6.4958,S,Did Not Survive
Dataset 2,347070,3,1,"Johansson Palmquist, Mr. Oskar Leander",male,26.0,0.0,7.775,S,Survived
Dataset 2,350052,3,0,"Johansson, Mr. Erik",male,22.0,0.0,7.7958,S,Did Not Survive
Dataset 2,7540,3,0,"Johansson, Mr. Gustaf Joel",male,33.0,0.0,8.6542,S,Did Not Survive
Dataset 2,347063,3,0,"Johansson, Mr. Karl Johan",male,31.0,0.0,7.775,S,Did Not Survive
Dataset 2,347467,3,0,"Johansson, Mr. Nils",male,29.0,0.0,7.8542,S,Did Not Survive
Dataset 2,347742,3,1,"Johnson, Master. Harold Theodor",male,4.0,2.0,11.1333,S,Survived
Dataset 2,347742,3,1,"Johnson, Miss. Eleanor Ileen",female,1.0,2.0,11.1333,S,Survived
Dataset 2,LINE,3,0,"Johnson, Mr. Alfred",male,49.0,0.0,0.0,S,Did Not Survive
Dataset 2,347062,3,0,"Johnson, Mr. Malkolm Joackim",male,33.0,0.0,7.775,S,Did Not Survive
Dataset 2,LINE,3,0,"Johnson, Mr. William Cahoone Jr",male,19.0,0.0,0.0,S,Did Not Survive
Dataset 2,347742,3,1,"Johnson, Mrs. Oscar W (Elisabeth Vilhelmina Berg)",female,27.0,2.0,11.1333,S,Survived
Dataset 2,W./C. 6607,3,0,"Johnston, Master. William Arthur ""Willie""",male,,3.0,23.45,S,Did Not Survive
Dataset 2,W./C. 6607,3,0,"Johnston, Miss. Catherine Helen ""Carrie""",female,,3.0,23.45,S,Did Not Survive
Dataset 2,W./C. 6607,3,0,"Johnston, Mr. Andrew G",male,,3.0,23.45,S,Did Not Survive
Dataset 2,W./C. 6607,3,0,"Johnston, Mrs. Andrew G (Elizabeth ""Lily"" Watson)",female,,3.0,23.45,S,Did Not Survive
Dataset 2,349204,3,0,"Jonkoff, Mr. Lalio",male,23.0,0.0,7.8958,S,Did Not Survive
Dataset 2,350417,3,1,"Jonsson, Mr. Carl",male,32.0,0.0,7.8542,S,Survived
Dataset 2,350408,3,0,"Jonsson, Mr. Nils Hilding",male,27.0,0.0,7.8542,S,Did Not Survive
Dataset 2,4136,3,0,"Jussila, Miss. Katriina",female,20.0,1.0,9.825,S,Did Not Survive
Dataset 2,4137,3,0,"Jussila, Miss. Mari Aina",female,21.0,1.0,9.825,S,Did Not Survive
Dataset 2,STON/O 2. 3101286,3,1,"Jussila, Mr. Eiriik",male,32.0,0.0,7.925,S,Survived
Dataset 2,STON/O 2. 3101274,3,0,"Kallio, Mr. Nikolai Erland",male,17.0,0.0,7.125,S,Did Not Survive
Dataset 2,8475,3,0,"Kalvik, Mr. Johannes Halvorsen",male,21.0,0.0,8.4333,S,Did Not Survive
Dataset 2,349246,3,0,"Karaic, Mr. Milan",male,30.0,0.0,7.8958,S,Did Not Survive
Dataset 2,350053,3,1,"Karlsson, Mr. Einar Gervasius",male,21.0,0.0,7.7958,S,Survived
Dataset 2,347465,3,0,"Karlsson, Mr. Julius Konrad Eugen",male,33.0,0.0,7.8542,S,Did Not Survive
Dataset 2,350060,3,0,"Karlsson, Mr. Nils August",male,22.0,0.0,7.5208,S,Did Not Survive
Dataset 2,349256,3,1,"Karun, Miss. Manca",female,4.0,1.0,13.4167,C,Survived
Dataset 2,349256,3,1,"Karun, Mr. Franz",male,39.0,1.0,13.4167,C,Survived
Dataset 2,2700,3,0,"Kassem, Mr. Fared",male,,0.0,7.2292,C,Did Not Survive
Dataset 2,2682,3,0,"Katavelas, Mr. Vassilios (""Catavelas Vassilios"")",male,18.5,0.0,7.2292,C,Did Not Survive
Dataset 2,12460,3,0,"Keane, Mr. Andrew ""Andy""",male,,0.0,7.75,Q,Did Not Survive
Dataset 2,323592,3,0,"Keefe, Mr. Arthur",male,,0.0,7.25,S,Did Not Survive
Dataset 2,9234,3,1,"Kelly, Miss. Anna Katherine ""Annie Kate""",female,,0.0,7.75,Q,Survived
Dataset 2,14312,3,1,"Kelly, Miss. Mary",female,,0.0,7.75,Q,Survived
Dataset 2,330911,3,0,"Kelly, Mr. James",male,34.5,0.0,7.8292,Q,Did Not Survive
Dataset 2,363592,3,0,"Kelly, Mr. James",male,44.0,0.0,8.05,S,Did Not Survive
Dataset 2,368783,3,1,"Kennedy, Mr. John",male,,0.0,7.75,Q,Survived
Dataset 2,2660,3,0,"Khalil, Mr. Betros",male,,1.0,14.4542,C,Did Not Survive
Dataset 2,2660,3,0,"Khalil, Mrs. Betros (Zahie ""Maria"" Elias)",female,,1.0,14.4542,C,Did Not Survive
Dataset 2,367227,3,0,"Kiernan, Mr. John",male,,1.0,7.75,Q,Did Not Survive
Dataset 2,367229,3,0,"Kiernan, Mr. Philip",male,,1.0,7.75,Q,Did Not Survive
Dataset 2,36865,3,0,"Kilgannon, Mr. Thomas J",male,,0.0,7.7375,Q,Did Not Survive
Dataset 2,315152,3,0,"Kink, Miss. Maria",female,22.0,2.0,8.6625,S,Did Not Survive
Dataset 2,315151,3,0,"Kink, Mr. Vincenz",male,26.0,2.0,8.6625,S,Did Not Survive
Dataset 2,315153,3,1,"Kink-Heilmann, Miss. Luise Gretchen",female,4.0,2.0,22.025,S,Survived
Dataset 2,315153,3,1,"Kink-Heilmann, Mr. Anton",male,29.0,4.0,22.025,S,Survived
Dataset 2,315153,3,1,"Kink-Heilmann, Mrs. Anton (Luise Heilmann)",female,26.0,2.0,22.025,S,Survived
Dataset 2,350405,3,0,"Klasen, Miss. Gertrud Emilia",female,1.0,2.0,12.1833,S,Did Not Survive
Dataset 2,350404,3,0,"Klasen, Mr. Klas Albin",male,18.0,2.0,7.8542,S,Did Not Survive
Dataset 2,350405,3,0,"Klasen, Mrs. (Hulda Kristina Eugenia Lofqvist)",female,36.0,2.0,12.1833,S,Did Not Survive
Dataset 2,349253,3,0,"Kraeff, Mr. Theodor",male,,0.0,7.8958,C,Did Not Survive
Dataset 2,2654,3,1,"Krekorian, Mr. Neshan",male,25.0,0.0,7.2292,C,Survived
Dataset 2,2624,3,0,"Lahoud, Mr. Sarkis",male,,0.0,7.225,C,Did Not Survive
Dataset 2,4135,3,0,"Laitinen, Miss. Kristina Sofia",female,37.0,0.0,9.5875,S,Did Not Survive
Dataset 2,349217,3,0,"Laleff, Mr. Kristo",male,,0.0,7.8958,S,Did Not Survive
Dataset 2,1601,3,1,"Lam, Mr. Ali",male,,0.0,56.4958,S,Survived
Dataset 2,1601,3,0,"Lam, Mr. Len",male,,0.0,56.4958,S,Did Not Survive
Dataset 2,C 7077,3,1,"Landergren, Miss. Aurora Adelia",female,22.0,0.0,7.25,S,Survived
Dataset 2,7935,3,0,"Lane, Mr. Patrick",male,,0.0,7.75,Q,Did Not Survive
Dataset 2,1601,3,1,"Lang, Mr. Fang",male,26.0,0.0,56.4958,S,Survived
Dataset 2,7545,3,0,"Larsson, Mr. August Viktor",male,29.0,0.0,9.4833,S,Did Not Survive
Dataset 2,347067,3,0,"Larsson, Mr. Bengt Edvin",male,29.0,0.0,7.775,S,Did Not Survive
Dataset 2,347065,3,0,"Larsson-Rondberg, Mr. Edvard A",male,22.0,0.0,7.775,S,Did Not Survive
Dataset 2,2620,3,1,"Leeni, Mr. Fahim (""Philip Zenni"")",male,22.0,0.0,7.225,C,Survived
Dataset 2,4133,3,0,"Lefebre, Master. Henry Forbes",male,,4.0,25.4667,S,Did Not Survive
Dataset 2,4133,3,0,"Lefebre, Miss. Ida",female,,4.0,25.4667,S,Did Not Survive
Dataset 2,4133,3,0,"Lefebre, Miss. Jeannie",female,,4.0,25.4667,S,Did Not Survive
Dataset 2,4133,3,0,"Lefebre, Miss. Mathilde",female,,4.0,25.4667,S,Did Not Survive
Dataset 2,4133,3,0,"Lefebre, Mrs. Frank (Frances)",female,,4.0,25.4667,S,Did Not Survive
Dataset 2,STON/O 2. 3101292,3,0,"Leinonen, Mr. Antti Gustaf",male,32.0,0.0,7.925,S,Did Not Survive
Dataset 2,2683,3,0,"Lemberopolous, Mr. Peter L",male,34.5,0.0,6.4375,C,Did Not Survive
Dataset 2,370371,3,0,"Lennon, Miss. Mary",female,,1.0,15.5,Q,Did Not Survive
Dataset 2,370371,3,0,"Lennon, Mr. Denis",male,,1.0,15.5,Q,Did Not Survive
Dataset 2,LINE,3,0,"Leonard, Mr. Lionel",male,36.0,0.0,0.0,S,Did Not Survive
Dataset 2,A/4 48871,3,0,"Lester, Mr. James",male,39.0,0.0,24.15,S,Did Not Survive
Dataset 2,345781,3,0,"Lievens, Mr. Rene Aime",male,24.0,0.0,9.5,S,Did Not Survive
Dataset 2,347071,3,0,"Lindahl, Miss. Agda Thorilda Viktoria",female,25.0,0.0,7.775,S,Did Not Survive
Dataset 2,347073,3,0,"Lindblom, Miss. Augusta Charlotta",female,45.0,0.0,7.75,S,Did Not Survive
Dataset 2,349910,3,0,"Lindell, Mr. Edvard Bengtsson",male,36.0,1.0,15.55,S,Did Not Survive
Dataset 2,349910,3,0,"Lindell, Mrs. Edvard Bengtsson (Elin Gerda Persson)",female,30.0,1.0,15.55,S,Did Not Survive
Dataset 2,STON/O 2. 3101285,3,1,"Lindqvist, Mr. Eino William",male,20.0,1.0,7.925,S,Survived
Dataset 2,330971,3,0,"Linehan, Mr. Michael",male,,0.0,7.8792,Q,Did Not Survive
Dataset 2,1601,3,0,"Ling, Mr. Lee",male,28.0,0.0,56.4958,S,Did Not Survive
Dataset 2,S.O./P.P. 251,3,0,"Lithman, Mr. Simon",male,,0.0,7.55,S,Did Not Survive
Dataset 2,A/5. 3336,3,0,"Lobb, Mr. William Arthur",male,30.0,1.0,16.1,S,Did Not Survive
Dataset 2,A/5. 3336,3,0,"Lobb, Mrs. William Arthur (Cordelia K Stanlick)",female,26.0,1.0,16.1,S,Did Not Survive
Dataset 2,1222,3,0,"Lockyer, Mr. Edward",male,,0.0,7.8792,S,Did Not Survive
Dataset 2,A/5 21173,3,0,"Lovell, Mr. John Hall (""Henry"")",male,20.5,0.0,7.25,S,Did Not Survive
Dataset 2,315098,3,1,"Lulic, Mr. Nikola",male,27.0,0.0,8.6625,S,Survived
Dataset 2,347743,3,0,"Lundahl, Mr. Johan Svensson",male,51.0,0.0,7.0542,S,Did Not Survive
Dataset 2,347469,3,1,"Lundin, Miss. Olga Elida",female,23.0,0.0,7.8542,S,Survived
Dataset 2,350403,3,1,"Lundstrom, Mr. Thure Edvin",male,32.0,0.0,7.5792,S,Survived
Dataset 2,349235,3,0,"Lyntakoff, Mr. Stanko",male,,0.0,7.8958,S,Did Not Survive
Dataset 2,C.A. 42795,3,0,"MacKay, Mr. George William",male,,0.0,7.55,S,Did Not Survive
Dataset 2,370370,3,1,"Madigan, Miss. Margaret ""Maggie""",female,,0.0,7.75,Q,Survived
Dataset 2,C 17369,3,1,"Madsen, Mr. Fridtjof Arne",male,24.0,0.0,7.1417,S,Survived
Dataset 2,STON/O 2. 3101275,3,0,"Maenpaa, Mr. Matti Alexanteri",male,22.0,0.0,7.125,S,Did Not Survive
Dataset 2,330924,3,0,"Mahon, Miss. Bridget Delia",female,,0.0,7.8792,Q,Did Not Survive
Dataset 2,AQ/4 3130,3,0,"Mahon, Mr. John",male,,0.0,7.75,Q,Did Not Survive
Dataset 2,A/S 2816,3,0,"Maisner, Mr. Simon",male,,0.0,8.05,S,Did Not Survive
Dataset 2,STON/O 2. 3101268,3,0,"Makinen, Mr. Kalle Edvard",male,29.0,0.0,7.925,S,Did Not Survive
Dataset 2,2677,3,1,"Mamee, Mr. Hanna",male,,0.0,7.2292,C,Survived
Dataset 2,364850,3,0,"Mangan, Miss. Mary",female,30.5,0.0,7.75,Q,Did Not Survive
Dataset 2,36866,3,1,"Mannion, Miss. Margareth",female,,0.0,7.7375,Q,Survived
Dataset 2,2655,3,0,"Mardirosian, Mr. Sarkis",male,,0.0,7.2292,C,Did Not Survive
Dataset 2,349213,3,0,"Markoff, Mr. Marin",male,35.0,0.0,7.8958,C,Did Not Survive
Dataset 2,349257,3,0,"Markun, Mr. Johann",male,33.0,0.0,7.8958,S,Did Not Survive
Dataset 2,2649,3,1,"Masselmani, Mrs. Fatima",female,,0.0,7.225,C,Survived
Dataset 2,349255,3,0,"Matinoff, Mr. Nicola",male,,0.0,7.8958,C,Did Not Survive
Dataset 2,383123,3,1,"McCarthy, Miss. Catherine ""Katie""",female,,0.0,7.75,Q,Survived
Dataset 2,367228,3,1,"McCormack, Mr. Thomas Joseph",male,,0.0,7.75,Q,Survived
Dataset 2,367226,3,1,"McCoy, Miss. Agnes",female,,2.0,23.25,Q,Survived
Dataset 2,367226,3,1,"McCoy, Miss. Alicia",female,,2.0,23.25,Q,Survived
Dataset 2,367226,3,1,"McCoy, Mr. Bernard",male,,2.0,23.25,Q,Survived
Dataset 2,330932,3,1,"McDermott, Miss. Brigdet Delia",female,,0.0,7.7875,Q,Survived
Dataset 2,36568,3,0,"McEvoy, Mr. Michael",male,,0.0,15.5,Q,Did Not Survive
Dataset 2,330931,3,1,"McGovern, Miss. Mary",female,,0.0,7.8792,Q,Survived
Dataset 2,330923,3,1,"McGowan, Miss. Anna ""Annie""",female,15.0,0.0,8.0292,Q,Survived
Dataset 2,9232,3,0,"McGowan, Miss. Katherine",female,35.0,0.0,7.75,Q,Did Not Survive
Dataset 2,370372,3,0,"McMahon, Mr. Martin",male,,0.0,7.75,Q,Did Not Survive
Dataset 2,376566,3,0,"McNamee, Mr. Neal",male,24.0,1.0,16.1,S,Did Not Survive
Dataset 2,376566,3,0,"McNamee, Mrs. Neal (Eileen O'Leary)",female,19.0,1.0,16.1,S,Did Not Survive
Dataset 2,370368,3,0,"McNeill, Miss. Bridget",female,,0.0,7.75,Q,Did Not Survive
Dataset 2,SOTON/O.Q. 392087,3,0,"Meanwell, Miss. (Marion Ogden)",female,,0.0,8.05,S,Did Not Survive
Dataset 2,343095,3,0,"Meek, Mrs. Thomas (Annie Louise Rowley)",female,,0.0,8.05,S,Did Not Survive
Dataset 2,A.5. 11206,3,0,"Meo, Mr. Alfonzo",male,55.5,0.0,8.05,S,Did Not Survive
Dataset 2,368703,3,0,"Mernagh, Mr. Robert",male,,0.0,7.75,Q,Did Not Survive
Dataset 2,345501,3,1,"Midtsjo, Mr. Karl Albert",male,21.0,0.0,7.775,S,Survived
Dataset 2,359306,3,0,"Miles, Mr. Frank",male,,0.0,8.05,S,Did Not Survive
Dataset 2,349233,3,0,"Mineff, Mr. Ivan",male,24.0,0.0,7.8958,S,Did Not Survive
Dataset 2,349211,3,0,"Minkoff, Mr. Lazar",male,21.0,0.0,7.8958,S,Did Not Survive
Dataset 2,349207,3,0,"Mionoff, Mr. Stoytcho",male,28.0,0.0,7.8958,S,Did Not Survive
Dataset 2,349221,3,0,"Mitkoff, Mr. Mito",male,,0.0,7.8958,S,Did Not Survive
Dataset 2,330980,3,1,"Mockler, Miss. Helen Mary ""Ellie""",female,,0.0,7.8792,Q,Survived
Dataset 2,348123,3,0,"Moen, Mr. Sigurd Hansen",male,25.0,0.0,7.65,S,Did Not Survive
Dataset 2,392096,3,1,"Moor, Master. Meier",male,6.0,1.0,12.475,S,Survived
Dataset 2,392096,3,1,"Moor, Mrs. (Beila)",female,27.0,1.0,12.475,S,Survived
Dataset 2,A4. 54510,3,0,"Moore, Mr. Leonard Charles",male,,0.0,8.05,S,Did Not Survive
Dataset 2,371110,3,1,"Moran, Miss. Bertha",female,,1.0,24.15,Q,Survived
Dataset 2,371110,3,0,"Moran, Mr. Daniel J",male,,1.0,24.15,Q,Did Not Survive
Dataset 2,330877,3,0,"Moran, Mr. James",male,,0.0,8.4583,Q,Did Not Survive
Dataset 2,364506,3,0,"Morley, Mr. William",male,34.0,0.0,8.05,S,Did Not Survive
Dataset 2,372622,3,0,"Morrow, Mr. Thomas Rowan",male,,0.0,7.75,Q,Did Not Survive
Dataset 2,312991,3,1,"Moss, Mr. Albert Johan",male,,0.0,7.775,S,Survived
Dataset 2,2661,3,1,"Moubarek, Master. Gerios",male,,2.0,15.2458,C,Survived
Dataset 2,2661,3,1,"Moubarek, Master. Halim Gonios (""William George"")",male,,2.0,15.2458,C,Survived
Dataset 2,2661,3,1,"Moubarek, Mrs. George (Omine ""Amenia"" Alexander)",female,,2.0,15.2458,C,Survived
Dataset 2,2626,3,1,"Moussa, Mrs. (Mantoura Boulos)",female,,0.0,7.2292,C,Survived
Dataset 2,374746,3,0,"Moutal, Mr. Rahamin Haim",male,,0.0,8.05,S,Did Not Survive
Dataset 2,35852,3,1,"Mullens, Miss. Katherine ""Katie""",female,,0.0,7.7333,Q,Survived
Dataset 2,382653,3,1,"Mulvihill, Miss. Bertha E",female,24.0,0.0,7.75,Q,Survived
Dataset 2,A./5. 3235,3,0,"Murdlin, Mr. Joseph",male,,0.0,8.05,S,Did Not Survive
Dataset 2,367230,3,1,"Murphy, Miss. Katherine ""Kate""",female,,1.0,15.5,Q,Survived
Dataset 2,367230,3,1,"Murphy, Miss. Margaret Jane",female,,1.0,15.5,Q,Survived
Dataset 2,36568,3,1,"Murphy, Miss. Nora",female,,0.0,15.5,Q,Survived
Dataset 2,347078,3,0,"Myhrman, Mr. Pehr Fabian Oliver Malkolm",male,18.0,0.0,7.75,S,Did Not Survive
Dataset 2,349206,3,0,"Naidenoff, Mr. Penko",male,22.0,0.0,7.8958,S,Did Not Survive
Dataset 2,2667,3,1,"Najib, Miss. Adele Kiamie ""Jane""",female,15.0,0.0,7.225,C,Survived
Dataset 2,2653,3,1,"Nakid, Miss. Maria (""Mary"")",female,1.0,2.0,15.7417,C,Survived
Dataset 2,2653,3,1,"Nakid, Mr. Sahid",male,20.0,2.0,15.7417,C,Survived
Dataset 2,2653,3,1,"Nakid, Mrs. Said (Waika ""Mary"" Mowad)",female,19.0,2.0,15.7417,C,Survived
Dataset 2,A./5. 3338,3,0,"Nancarrow, Mr. William Henry",male,33.0,0.0,8.05,S,Did Not Survive
Dataset 2,349218,3,0,"Nankoff, Mr. Minko",male,,0.0,7.8958,S,Did Not Survive
Dataset 2,2652,3,0,"Nasr, Mr. Mustafa",male,,0.0,7.2292,C,Did Not Survive
Dataset 2,365237,3,0,"Naughton, Miss. Hannah",female,,0.0,7.75,Q,Did Not Survive
Dataset 2,349234,3,0,"Nenkoff, Mr. Christo",male,,0.0,7.8958,S,Did Not Survive
Dataset 2,2651,3,1,"Nicola-Yarred, Master. Elias",male,12.0,1.0,11.2417,C,Survived
Dataset 2,2651,3,1,"Nicola-Yarred, Miss. Jamila",female,14.0,1.0,11.2417,C,Survived
Dataset 2,3101297,3,0,"Nieminen, Miss. Manta Josefina",female,29.0,0.0,7.925,S,Did Not Survive
Dataset 2,363611,3,0,"Niklasson, Mr. Samuel",male,28.0,0.0,8.05,S,Did Not Survive
Dataset 2,347066,3,1,"Nilsson, Miss. Berta Olivia",female,18.0,0.0,7.775,S,Survived
Dataset 2,347470,3,1,"Nilsson, Miss. Helmina Josefina",female,26.0,0.0,7.8542,S,Survived
Dataset 2,350410,3,0,"Nilsson, Mr. August Ferdinand",male,21.0,0.0,7.8542,S,Did Not Survive
Dataset 2,SOTON/O2 3101272,3,0,"Nirva, Mr. Iisakki Antino Aijo",male,41.0,0.0,7.125,S,Did Not Survive
Dataset 2,STON/O 2. 3101289,3,1,"Niskanen, Mr. Juha",male,39.0,0.0,7.925,S,Survived
Dataset 2,A/4. 39886,3,0,"Nosworthy, Mr. Richard Cater",male,21.0,0.0,7.8,S,Did Not Survive
Dataset 2,2697,3,0,"Novel, Mr. Mansouer",male,28.5,0.0,7.2292,C,Did Not Survive
Dataset 2,347081,3,1,"Nysten, Miss. Anna Sofia",female,22.0,0.0,7.75,S,Survived
Dataset 2,345364,3,0,"Nysveen, Mr. Johan Hansen",male,61.0,0.0,6.2375,S,Did Not Survive
Dataset 2,370365,3,0,"O'Brien, Mr. Thomas",male,,1.0,15.5,Q,Did Not Survive
Dataset 2,330979,3,0,"O'Brien, Mr. Timothy",male,,0.0,7.8292,Q,Did Not Survive
Dataset 2,370365,3,1,"O'Brien, Mrs. Thomas (Johanna ""Hannah"" Godfrey)",female,,1.0,15.5,Q,Survived
Dataset 2,334912,3,0,"O'Connell, Mr. Patrick D",male,,0.0,7.7333,Q,Did Not Survive
Dataset 2,371060,3,0,"O'Connor, Mr. Maurice",male,,0.0,7.75,Q,Did Not Survive
Dataset 2,366713,3,0,"O'Connor, Mr. Patrick",male,,0.0,7.75,Q,Did Not Survive
Dataset 2,7267,3,0,"Odahl, Mr. Nils Martin",male,23.0,0.0,9.225,S,Did Not Survive
Dataset 2,364856,3,0,"O'Donoghue, Ms. Bridget",female,,0.0,7.75,Q,Did Not Survive
Dataset 2,14311,3,1,"O'Driscoll, Miss. Bridget",female,,0.0,7.75,Q,Survived
Dataset 2,330959,3,1,"O'Dwyer, Miss. Ellen ""Nellie""",female,,0.0,7.8792,Q,Survived
Dataset 2,347085,3,1,"Ohman, Miss. Velin",female,22.0,0.0,7.775,S,Survived
Dataset 2,368402,3,1,"O'Keefe, Mr. Patrick",male,,0.0,7.75,Q,Survived
Dataset 2,330919,3,1,"O'Leary, Miss. Hanora ""Norah""",female,,0.0,7.8292,Q,Survived
Dataset 2,C 17368,3,1,"Olsen, Master. Artur Karl",male,9.0,1.0,3.1708,S,Survived
Dataset 2,C 4001,3,0,"Olsen, Mr. Henry Margido",male,28.0,0.0,22.525,S,Did Not Survive
Dataset 2,4579,3,0,"Olsen, Mr. Karl Siegwart Andreas",male,42.0,1.0,8.4042,S,Did Not Survive
Dataset 2,Fa 265302,3,0,"Olsen, Mr. Ole Martin",male,,0.0,7.3125,S,Did Not Survive
Dataset 2,350407,3,0,"Olsson, Miss. Elina",female,31.0,0.0,7.8542,S,Did Not Survive
Dataset 2,347464,3,0,"Olsson, Mr. Nils Johan Goransson",male,28.0,0.0,7.8542,S,Did Not Survive
Dataset 2,347079,3,1,"Olsson, Mr. Oscar Wilhelm",male,32.0,0.0,7.775,S,Survived
Dataset 2,6563,3,0,"Olsvigen, Mr. Thor Anderson",male,20.0,0.0,9.225,S,Did Not Survive
Dataset 2,315085,3,0,"Oreskovic, Miss. Jelka",female,23.0,0.0,8.6625,S,Did Not Survive
Dataset 2,315096,3,0,"Oreskovic, Miss. Marija",female,20.0,0.0,8.6625,S,Did Not Survive
Dataset 2,315094,3,0,"Oreskovic, Mr. Luka",male,20.0,0.0,8.6625,S,Did Not Survive
Dataset 2,7534,3,0,"Osen, Mr. Olaf Elon",male,16.0,0.0,9.2167,S,Did Not Survive
Dataset 2,349244,3,1,"Osman, Mrs. Mara",female,31.0,0.0,8.6833,S,Survived
Dataset 2,330909,3,0,"O'Sullivan, Miss. Bridget Mary",female,,0.0,7.6292,Q,Did Not Survive
Dataset 2,349909,3,0,"Palsson, Master. Gosta Leonard",male,2.0,4.0,21.075,S,Did Not Survive
Dataset 2,349909,3,0,"Palsson, Master. Paul Folke",male,6.0,4.0,21.075,S,Did Not Survive
Dataset 2,349909,3,0,"Palsson, Miss. Stina Viola",female,3.0,4.0,21.075,S,Did Not Survive
Dataset 2,349909,3,0,"Palsson, Miss. Torborg Danira",female,8.0,4.0,21.075,S,Did Not Survive
Dataset 2,349909,3,0,"Palsson, Mrs. Nils (Alma Cornelia Berglund)",female,29.0,4.0,21.075,S,Did Not Survive
Dataset 2,3101295,3,0,"Panula, Master. Eino Viljami",male,1.0,5.0,39.6875,S,Did Not Survive
Dataset 2,3101295,3,0,"Panula, Master. Juha Niilo",male,7.0,5.0,39.6875,S,Did Not Survive
Dataset 2,3101295,3,0,"Panula, Master. Urho Abraham",male,2.0,5.0,39.6875,S,Did Not Survive
Dataset 2,3101295,3,0,"Panula, Mr. Ernesti Arvid",male,16.0,5.0,39.6875,S,Did Not Survive
Dataset 2,3101295,3,0,"Panula, Mr. Jaako Arnold",male,14.0,5.0,39.6875,S,Did Not Survive
Dataset 2,3101295,3,0,"Panula, Mrs. Juha (Maria Emilia Ojala)",female,41.0,5.0,39.6875,S,Did Not Survive
Dataset 2,315097,3,0,"Pasic, Mr. Jakob",male,21.0,0.0,8.6625,S,Did Not Survive
Dataset 2,358585,3,0,"Patchett, Mr. George",male,19.0,0.0,14.5,S,Did Not Survive
Dataset 2,3411,3,0,"Paulner, Mr. Uscher",male,,0.0,8.7125,C,Did Not Survive
Dataset 2,349242,3,0,"Pavlovic, Mr. Stefo",male,32.0,0.0,7.8958,S,Did Not Survive
Dataset 2,SOTON/O.Q. 3101315,3,0,"Peacock, Master. Alfred Edward",male,0.75,2.0,13.775,S,Did Not Survive
Dataset 2,SOTON/O.Q. 3101315,3,0,"Peacock, Miss. Treasteall",female,3.0,2.0,13.775,S,Did Not Survive
Dataset 2,SOTON/O.Q. 3101315,3,0,"Peacock, Mrs. Benjamin (Edith Nile)",female,26.0,2.0,13.775,S,Did Not Survive
Dataset 2,343271,3,0,"Pearce, Mr. Ernest",male,,0.0,7.0,S,Did Not Survive
Dataset 2,345498,3,0,"Pedersen, Mr. Olaf",male,,0.0,7.775,S,Did Not Survive
Dataset 2,A/5 2817,3,0,"Peduzzi, Mr. Joseph",male,,0.0,8.05,S,Did Not Survive
Dataset 2,STON/O 2. 3101294,3,0,"Pekoniemi, Mr. Edvard",male,21.0,0.0,7.925,S,Did Not Survive
Dataset 2,STON/O 2. 3101291,3,0,"Peltomaki, Mr. Nikolai Johannes",male,25.0,0.0,7.925,S,Did Not Survive
Dataset 2,A/5 21174,3,0,"Perkin, Mr. John Henry",male,22.0,0.0,7.25,S,Did Not Survive
Dataset 2,347083,3,1,"Persson, Mr. Ernst Ulrik",male,25.0,1.0,7.775,S,Survived
Dataset 2,2668,3,1,"Peter, Master. Michael J",male,,2.0,22.3583,C,Survived
Dataset 2,2668,3,1,"Peter, Miss. Anna",female,,2.0,22.3583,C,Survived
Dataset 2,2668,3,1,"Peter, Mrs. Catherine (Catherine Rizk)",female,,2.0,22.3583,C,Survived
Dataset 2,330935,3,0,"Peters, Miss. Katie",female,,0.0,8.1375,Q,Did Not Survive
Dataset 2,342441,3,0,"Petersen, Mr. Marius",male,24.0,0.0,8.05,S,Did Not Survive
Dataset 2,349245,3,0,"Petranec, Miss. Matilda",female,28.0,0.0,7.8958,S,Did Not Survive
Dataset 2,349212,3,0,"Petroff, Mr. Nedelio",male,19.0,0.0,7.8958,S,Did Not Survive
Dataset 2,349215,3,0,"Petroff, Mr. Pastcho (""Pentcho"")",male,,0.0,7.8958,S,Did Not Survive
Dataset 2,347076,3,0,"Petterson, Mr. Johan Emil",male,25.0,1.0,7.775,S,Did Not Survive
Dataset 2,347087,3,0,"Pettersson, Miss. Ellen Natalia",female,18.0,0.0,7.775,S,Did Not Survive
Dataset 2,SOTON/O.Q. 392078,3,1,"Pickard, Mr. Berk (Berk Trembisky)",male,32.0,0.0,8.05,S,Survived
Dataset 2,349227,3,0,"Plotcharsky, Mr. Vasil",male,,0.0,7.8958,S,Did Not Survive
Dataset 2,315095,3,0,"Pokrnic, Mr. Mate",male,17.0,0.0,8.6625,S,Did Not Survive
Dataset 2,315092,3,0,"Pokrnic, Mr. Tome",male,24.0,0.0,8.6625,S,Did Not Survive
Dataset 2,349223,3,0,"Radeff, Mr. Alexander",male,,0.0,7.8958,S,Did Not Survive
Dataset 2,65305,3,0,"Rasmussen, Mrs. (Lena Jacobsen Solvang)",female,,0.0,8.1125,S,Did Not Survive
Dataset 2,2629,3,0,"Razi, Mr. Raihed",male,,0.0,7.2292,C,Did Not Survive
Dataset 2,362316,3,0,"Reed, Mr. James George",male,,0.0,7.25,S,Did Not Survive
Dataset 2,349249,3,0,"Rekic, Mr. Tido",male,38.0,0.0,7.8958,S,Did Not Survive
Dataset 2,342684,3,0,"Reynolds, Mr. Harold J",male,21.0,0.0,8.05,S,Did Not Survive
Dataset 2,382652,3,0,"Rice, Master. Albert",male,10.0,5.0,29.125,Q,Did Not Survive
Dataset 2,382652,3,0,"Rice, Master. Arthur",male,4.0,5.0,29.125,Q,Did Not Survive
Dataset 2,382652,3,0,"Rice, Master. Eric",male,7.0,5.0,29.125,Q,Did Not Survive
Dataset 2,382652,3,0,"Rice, Master. Eugene",male,2.0,5.0,29.125,Q,Did Not Survive
Dataset 2,382652,3,0,"Rice, Master. George Hugh",male,8.0,5.0,29.125,Q,Did Not Survive
Dataset 2,382652,3,0,"Rice, Mrs. William (Margaret Norton)",female,39.0,5.0,29.125,Q,Did Not Survive
Dataset 2,3101295,3,0,"Riihivouri, Miss. Susanna Juhantytar ""Sanni""",female,22.0,0.0,39.6875,S,Did Not Survive
Dataset 2,STON/O 2. 3101273,3,0,"Rintamaki, Mr. Matti",male,35.0,0.0,7.125,S,Did Not Survive
Dataset 2,334915,3,1,"Riordan, Miss. Johanna ""Hannah""",female,,0.0,7.7208,Q,Survived
Dataset 2,364498,3,0,"Risien, Mr. Samuel Beard",male,,0.0,14.5,S,Did Not Survive
Dataset 2,364498,3,0,"Risien, Mrs. Samuel (Emma)",female,,0.0,14.5,S,Did Not Survive
Dataset 2,A/5. 3337,3,0,"Robins, Mr. Alexander A",male,50.0,1.0,14.5,S,Did Not Survive
Dataset 2,A/5. 3337,3,0,"Robins, Mrs. Alexander A (Grace Charity Laury)",female,47.0,1.0,14.5,S,Did Not Survive
Dataset 2,S.C./A.4. 23567,3,0,"Rogers, Mr. William John",male,,0.0,8.05,S,Did Not Survive
Dataset 2,312993,3,0,"Rommetvedt, Mr. Knud Paust",male,,0.0,7.775,S,Did Not Survive
Dataset 2,370129,3,0,"Rosblom, Miss. Salli Helena",female,2.0,2.0,20.2125,S,Did Not Survive
Dataset 2,370129,3,0,"Rosblom, Mr. Viktor Richard",male,18.0,2.0,20.2125,S,Did Not Survive
Dataset 2,370129,3,0,"Rosblom, Mrs. Viktor (Helena Wilhelmina)",female,41.0,2.0,20.2125,S,Did Not Survive
Dataset 2,342712,3,1,"Roth, Miss. Sarah A",female,,0.0,8.05,S,Survived
Dataset 2,A/5 3594,3,0,"Rouse, Mr. Richard Henry",male,50.0,0.0,8.05,S,Did Not Survive
Dataset 2,A/4. 20589,3,0,"Rush, Mr. Alfred George John",male,16.0,0.0,8.05,S,Did Not Survive
Dataset 2,383162,3,1,"Ryan, Mr. Edward",male,,0.0,7.75,Q,Survived
Dataset 2,371110,3,0,"Ryan, Mr. Patrick",male,,0.0,24.15,Q,Did Not Survive
Dataset 2,2671,3,0,"Saad, Mr. Amin",male,,0.0,7.2292,C,Did Not Survive
Dataset 2,2672,3,0,"Saad, Mr. Khalil",male,25.0,0.0,7.225,C,Did Not Survive
Dataset 2,2676,3,0,"Saade, Mr. Jean Nassr",male,,0.0,7.225,C,Did Not Survive
Dataset 2,367655,3,0,"Sadlier, Mr. Matthew",male,,0.0,7.7292,Q,Did Not Survive
Dataset 2,LP 1588,3,0,"Sadowitz, Mr. Harry",male,,0.0,7.575,S,Did Not Survive
Dataset 2,SOTON/O.Q. 3101262,3,0,"Saether, Mr. Simon Sivertsen",male,38.5,0.0,7.25,S,Did Not Survive
Dataset 2,CA. 2343,3,0,"Sage, Master. Thomas Henry",male,,10.0,69.55,S,Did Not Survive
Dataset 2,CA. 2343,3,0,"Sage, Master. William Henry",male,14.5,10.0,69.55,S,Did Not Survive
Dataset 2,CA. 2343,3,0,"Sage, Miss. Ada",female,,10.0,69.55,S,Did Not Survive
Dataset 2,CA. 2343,3,0,"Sage, Miss. Constance Gladys",female,,10.0,69.55,S,Did Not Survive
Dataset 2,CA. 2343,3,0,"Sage, Miss. Dorothy Edith ""Dolly""",female,,10.0,69.55,S,Did Not Survive
Dataset 2,CA. 2343,3,0,"Sage, Miss. Stella Anna",female,,10.0,69.55,S,Did Not Survive
Dataset 2,CA. 2343,3,0,"Sage, Mr. Douglas Bullen",male,,10.0,69.55,S,Did Not Survive
Dataset 2,CA. 2343,3,0,"Sage, Mr. Frederick",male,,10.0,69.55,S,Did Not Survive
Dataset 2,CA. 2343,3,0,"Sage, Mr. George John Jr",male,,10.0,69.55,S,Did Not Survive
Dataset 2,CA. 2343,3,0,"Sage, Mr. John George",male,,10.0,69.55,S,Did Not Survive
Dataset 2,CA. 2343,3,0,"Sage, Mrs. John (Annie Bullen)",female,,10.0,69.55,S,Did Not Survive
Dataset 2,7266,3,0,"Salander, Mr. Karl Johan",male,24.0,0.0,9.325,S,Did Not Survive
Dataset 2,343120,3,1,"Salkjelsvik, Miss. Anna Kristine",female,21.0,0.0,7.65,S,Survived
Dataset 2,3101296,3,0,"Salonen, Mr. Johan Werner",male,39.0,0.0,7.925,S,Did Not Survive
Dataset 2,2662,3,0,"Samaan, Mr. Elias",male,,2.0,21.6792,C,Did Not Survive
Dataset 2,2662,3,0,"Samaan, Mr. Hanna",male,,2.0,21.6792,C,Did Not Survive
Dataset 2,2662,3,0,"Samaan, Mr. Youssef",male,,2.0,21.6792,C,Did Not Survive
Dataset 2,PP 9549,3,1,"Sandstrom, Miss. Beatrice Irene",female,1.0,2.0,16.7,S,Survived
Dataset 2,PP 9549,3,1,"Sandstrom, Mrs. Hjalmar (Agnes Charlotta Bengtsson)",female,24.0,2.0,16.7,S,Survived
Dataset 2,PP 9549,3,1,"Sandstrom, Miss. Marguerite Rut",female,4.0,2.0,16.7,S,Survived
Dataset 2,345768,3,1,"Sap, Mr. Julius",male,25.0,0.0,9.5,S,Survived
Dataset 2,A/5. 2151,3,0,"Saundercock, Mr. William Henry",male,20.0,0.0,8.05,S,Did Not Survive
Dataset 2,342826,3,0,"Sawyer, Mr. Frederick Charles",male,24.5,0.0,8.05,S,Did Not Survive
Dataset 2,36209,3,0,"Scanlan, Mr. James",male,,0.0,7.725,Q,Did Not Survive
Dataset 2,349222,3,0,"Sdycoff, Mr. Todor",male,,0.0,7.8958,S,Did Not Survive
Dataset 2,370374,3,0,"Shaughnessy, Mr. Patrick",male,,0.0,7.75,Q,Did Not Survive
Dataset 2,345779,3,1,"Sheerlinck, Mr. Jan Baptist",male,29.0,0.0,9.5,S,Survived
Dataset 2,C.A. 6212,3,0,"Shellard, Mr. Frederick William",male,,0.0,15.1,S,Did Not Survive
Dataset 2,330968,3,1,"Shine, Miss. Ellen Natalia",female,,0.0,7.7792,Q,Survived
Dataset 2,374910,3,0,"Shorney, Mr. Charles Joseph",male,,0.0,8.05,S,Did Not Survive
Dataset 2,SOTON/OQ 392082,3,0,"Simmons, Mr. John",male,,0.0,8.05,S,Did Not Survive
Dataset 2,2669,3,0,"Sirayanian, Mr. Orsen",male,22.0,0.0,7.2292,C,Did Not Survive
Dataset 2,392092,3,0,"Sirota, Mr. Maurice",male,,0.0,8.05,S,Did Not Survive
Dataset 2,349251,3,0,"Sivic, Mr. Husein",male,40.0,0.0,7.8958,S,Did Not Survive
Dataset 2,STON/O 2. 3101280,3,0,"Sivola, Mr. Antti Wilhelm",male,21.0,0.0,7.925,S,Did Not Survive
Dataset 2,3101265,3,1,"Sjoblom, Miss. Anna Sofia",female,18.0,0.0,7.4958,S,Survived
Dataset 2,347088,3,0,"Skoog, Master. Harald",male,4.0,5.0,27.9,S,Did Not Survive
Dataset 2,347088,3,0,"Skoog, Master. Karl Thorsten",male,10.0,5.0,27.9,S,Did Not Survive
Dataset 2,347088,3,0,"Skoog, Miss. Mabel",female,9.0,5.0,27.9,S,Did Not Survive
Dataset 2,347088,3,0,"Skoog, Miss. Margit Elizabeth",female,2.0,5.0,27.9,S,Did Not Survive
Dataset 2,347088,3,0,"Skoog, Mr. Wilhelm",male,40.0,5.0,27.9,S,Did Not Survive
Dataset 2,347088,3,0,"Skoog, Mrs. William (Anna Bernhardina Karlsson)",female,45.0,5.0,27.9,S,Did Not Survive
Dataset 2,349214,3,0,"Slabenoff, Mr. Petco",male,,0.0,7.8958,S,Did Not Survive
Dataset 2,SOTON/OQ 392086,3,0,"Slocovski, Mr. Selman Francis",male,,0.0,8.05,S,Did Not Survive
Dataset 2,315037,3,0,"Smiljanic, Mr. Mile",male,,0.0,8.6625,S,Did Not Survive
Dataset 2,384461,3,0,"Smith, Mr. Thomas",male,,0.0,7.75,Q,Did Not Survive
Dataset 2,335432,3,1,"Smyth, Miss. Julia",female,,0.0,7.7333,Q,Survived
Dataset 2,348124,3,0,"Soholt, Mr. Peter Andreas Lauritz Andersen",male,19.0,0.0,7.65,S,Did Not Survive
Dataset 2,A.5. 18509,3,0,"Somerton, Mr. Francis William",male,30.0,0.0,8.05,S,Did Not Survive
Dataset 2,A.5. 3236,3,0,"Spector, Mr. Woolf",male,,0.0,8.05,S,Did Not Survive
Dataset 2,STON/OQ. 369943,3,0,"Spinner, Mr. Henry John",male,32.0,0.0,8.05,S,Did Not Survive
Dataset 2,349208,3,0,"Staneff, Mr. Ivan",male,,0.0,7.8958,S,Did Not Survive
Dataset 2,349239,3,0,"Stankovic, Mr. Ivan",male,33.0,0.0,8.6625,C,Did Not Survive
Dataset 2,CA. 2314,3,1,"Stanley, Miss. Amy Zillah Elsie",female,23.0,0.0,7.55,S,Survived
Dataset 2,A/4 45380,3,0,"Stanley, Mr. Edward Roland",male,21.0,0.0,8.05,S,Did Not Survive
Dataset 2,3701,3,0,"Storey, Mr. Thomas",male,60.5,0.0,,S,Did Not Survive
Dataset 2,349205,3,0,"Stoytcheff, Mr. Ilia",male,19.0,0.0,7.8958,S,Did Not Survive
Dataset 2,7553,3,0,"Strandberg, Miss. Ida Sofia",female,22.0,0.0,9.8375,S,Did Not Survive
Dataset 2,STON/O 2. 3101288,3,1,"Stranden, Mr. Juho",male,31.0,0.0,7.925,S,Survived
Dataset 2,315083,3,0,"Strilic, Mr. Ivan",male,27.0,0.0,8.6625,S,Did Not Survive
Dataset 2,347054,3,0,"Strom, Miss. Telma Matilda",female,2.0,1.0,10.4625,S,Did Not Survive
Dataset 2,347054,3,0,"Strom, Mrs. Wilhelm (Elna Matilda Persson)",female,29.0,2.0,10.4625,S,Did Not Survive
Dataset 2,SOTON/OQ 392089,3,1,"Sunderland, Mr. Victor Francis",male,16.0,0.0,8.05,S,Survived
Dataset 2,STON/O 2. 3101269,3,1,"Sundman, Mr. Johan Julian",male,44.0,0.0,7.925,S,Survived
Dataset 2,SOTON/OQ 392076,3,0,"Sutehall, Mr. Henry Jr",male,25.0,0.0,7.05,S,Did Not Survive
Dataset 2,347060,3,0,"Svensson, Mr. Johan",male,74.0,0.0,7.775,S,Did Not Survive
Dataset 2,7538,3,1,"Svensson, Mr. Johan Cervin",male,14.0,0.0,9.225,S,Survived
Dataset 2,350035,3,0,"Svensson, Mr. Olof",male,24.0,0.0,7.7958,S,Did Not Survive
Dataset 2,350033,3,1,"Tenglin, Mr. Gunnar Isidor",male,25.0,0.0,7.7958,S,Survived
Dataset 2,363294,3,0,"Theobald, Mr. Thomas Leonard",male,34.0,0.0,8.05,S,Did Not Survive
Dataset 2,2625,3,1,"Thomas, Master. Assad Alexander",male,0.42,1.0,8.5167,C,Survived
Dataset 2,2621,3,0,"Thomas, Mr. Charles P",male,,1.0,6.4375,C,Did Not Survive
Dataset 2,2681,3,0,"Thomas, Mr. John",male,,0.0,6.4375,C,Did Not Survive
Dataset 2,2684,3,0,"Thomas, Mr. Tannous",male,,0.0,7.225,C,Did Not Survive
Dataset 2,2625,3,1,"Thomas, Mrs. Alexander (Thamine ""Thelma"")",female,16.0,2.0,8.5167,C,Survived
Dataset 2,32302,3,0,"Thomson, Mr. Alexander Morrison",male,,0.0,8.05,S,Did Not Survive
Dataset 2,376564,3,0,"Thorneycroft, Mr. Percival",male,,1.0,16.1,S,Did Not Survive
Dataset 2,376564,3,1,"Thorneycroft, Mrs. Percival (Florence Kate White)",female,,1.0,16.1,S,Survived
Dataset 2,STON/O 2. 3101293,3,0,"Tikkanen, Mr. Juho",male,32.0,0.0,7.925,S,Did Not Survive
Dataset 2,383121,3,0,"Tobin, Mr. Roger",male,,0.0,7.75,Q,Did Not Survive
Dataset 2,349216,3,0,"Todoroff, Mr. Lalio",male,,0.0,7.8958,S,Did Not Survive
Dataset 2,364499,3,0,"Tomlin, Mr. Ernest Portage",male,30.5,0.0,8.05,S,Did Not Survive
Dataset 2,364511,3,0,"Torber, Mr. Ernst William",male,44.0,0.0,8.05,S,Did Not Survive
Dataset 2,2673,3,0,"Torfa, Mr. Assad",male,,0.0,7.2292,C,Did Not Survive
Dataset 2,LINE,3,1,"Tornquist, Mr. William Henry",male,25.0,0.0,0.0,S,Survived
Dataset 2,2641,3,0,"Toufik, Mr. Nakli",male,,0.0,7.2292,C,Did Not Survive
Dataset 2,2650,3,1,"Touma, Master. Georges Youssef",male,7.0,2.0,15.2458,C,Survived
Dataset 2,2650,3,1,"Touma, Miss. Maria Youssef",female,9.0,2.0,15.2458,C,Survived
Dataset 2,2650,3,1,"Touma, Mrs. Darwis (Hanne Youssef Razi)",female,29.0,2.0,15.2458,C,Survived
Dataset 2,349247,3,0,"Turcin, Mr. Stjepan",male,36.0,0.0,7.8958,S,Did Not Survive
Dataset 2,4138,3,1,"Turja, Miss. Anna Sofia",female,18.0,0.0,9.8417,S,Survived
Dataset 2,4134,3,1,"Turkula, Mrs. (Hedwig)",female,63.0,0.0,9.5875,S,Survived
Dataset 2,A/5. 851,3,0,"van Billiard, Master. James William",male,,2.0,14.5,S,Did Not Survive
Dataset 2,A/5. 851,3,0,"van Billiard, Master. Walter John",male,11.5,2.0,14.5,S,Did Not Survive
Dataset 2,A/5. 851,3,0,"van Billiard, Mr. Austin Blyler",male,40.5,2.0,14.5,S,Did Not Survive
Dataset 2,345773,3,0,"Van Impe, Miss. Catharina",female,10.0,2.0,24.15,S,Did Not Survive
Dataset 2,345773,3,0,"Van Impe, Mr. Jean Baptiste",male,36.0,2.0,24.15,S,Did Not Survive
Dataset 2,345773,3,0,"Van Impe, Mrs. Jean Baptiste (Rosalie Paula Govaert)",female,30.0,2.0,24.15,S,Did Not Survive
Dataset 2,345777,3,0,"van Melkebeke, Mr. Philemon",male,,0.0,9.5,S,Did Not Survive
Dataset 2,345780,3,0,"Vande Velde, Mr. Johannes Joseph",male,33.0,0.0,9.5,S,Did Not Survive
Dataset 2,345770,3,0,"Vande Walle, Mr. Nestor Cyriel",male,28.0,0.0,9.5,S,Did Not Survive
Dataset 2,345783,3,0,"Vanden Steen, Mr. Leo Peter",male,28.0,0.0,9.5,S,Did Not Survive
Dataset 2,345765,3,0,"Vander Cruyssen, Mr. Victor",male,47.0,0.0,9.0,S,Did Not Survive
Dataset 2,345764,3,0,"Vander Planke, Miss. Augusta Maria",female,18.0,2.0,18.0,S,Did Not Survive
Dataset 2,345763,3,0,"Vander Planke, Mr. Julius",male,31.0,3.0,18.0,S,Did Not Survive
Dataset 2,345764,3,0,"Vander Planke, Mr. Leo Edmondus",male,16.0,2.0,18.0,S,Did Not Survive
Dataset 2,345763,3,0,"Vander Planke, Mrs. Julius (Emelia Maria Vandemoortele)",female,31.0,1.0,18.0,S,Did Not Survive
Dataset 2,2658,3,1,"Vartanian, Mr. David",male,22.0,0.0,7.225,C,Survived
Dataset 2,350416,3,0,"Vendel, Mr. Olof Edvin",male,20.0,0.0,7.8542,S,Did Not Survive
Dataset 2,350406,3,0,"Vestrom, Miss. Hulda Amanda Adolfina",female,14.0,0.0,7.8542,S,Did Not Survive
Dataset 2,349252,3,0,"Vovk, Mr. Janko",male,22.0,0.0,7.8958,S,Did Not Survive
Dataset 2,345767,3,0,"Waelens, Mr. Achille",male,22.0,0.0,9.0,S,Did Not Survive
Dataset 2,359309,3,0,"Ware, Mr. Frederick",male,,0.0,8.05,S,Did Not Survive
Dataset 2,C.A. 49867,3,0,"Warren, Mr. Charles William",male,,0.0,7.55,S,Did Not Survive
Dataset 2,SOTON/OQ 3101316,3,0,"Webber, Mr. James",male,,0.0,8.05,S,Did Not Survive
Dataset 2,345775,3,0,"Wenzel, Mr. Linhart",male,32.5,0.0,9.5,S,Did Not Survive
Dataset 2,2688,3,1,"Whabee, Mrs. George Joseph (Shawneene Abi-Saab)",female,38.0,0.0,7.2292,C,Survived
Dataset 2,347064,3,0,"Widegren, Mr. Carl/Charles Peter",male,51.0,0.0,7.75,S,Did Not Survive
Dataset 2,3101267,3,0,"Wiklund, Mr. Jakob Alfred",male,18.0,1.0,6.4958,S,Did Not Survive
Dataset 2,3101266,3,0,"Wiklund, Mr. Karl Johan",male,21.0,1.0,6.4958,S,Did Not Survive
Dataset 2,363272,3,1,"Wilkes, Mrs. James (Ellen Needs)",female,47.0,1.0,7.0,S,Survived
Dataset 2,3410,3,0,"Willer, Mr. Aaron (""Abi Weller"")",male,,0.0,8.7125,S,Did Not Survive
Dataset 2,S.O./P.P. 751,3,0,"Willey, Mr. Edward",male,,0.0,7.55,S,Did Not Survive
Dataset 2,A/5 2466,3,0,"Williams, Mr. Howard Hugh ""Harry""",male,,0.0,8.05,S,Did Not Survive
Dataset 2,54636,3,0,"Williams, Mr. Leslie",male,28.5,0.0,16.1,S,Did Not Survive
Dataset 2,SOTON/OQ 3101317,3,0,"Windelov, Mr. Einar",male,21.0,0.0,7.25,S,Did Not Survive
Dataset 2,315154,3,0,"Wirz, Mr. Albert",male,27.0,0.0,8.6625,S,Did Not Survive
Dataset 2,A/4. 34244,3,0,"Wiseman, Mr. Phillippe",male,,0.0,7.25,S,Did Not Survive
Dataset 2,345771,3,0,"Wittevrongel, Mr. Camille",male,36.0,0.0,9.5,S,Did Not Survive
Dataset 2,2659,3,0,"Yasbeck, Mr. Antoni",male,27.0,1.0,14.4542,C,Did Not Survive
Dataset 2,2659,3,1,"Yasbeck, Mrs. Antoni (Selini Alexander)",female,15.0,1.0,14.4542,C,Survived
Dataset 2,2628,3,0,"Youseff, Mr. Gerious",male,45.5,0.0,7.225,C,Did Not Survive
Dataset 2,2647,3,0,"Yousif, Mr. Wazli",male,,0.0,7.225,C,Did Not Survive
Dataset 2,2627,3,0,"Yousseff, Mr. Gerious",male,,0.0,14.4583,C,Did Not Survive
Dataset 2,2665,3,0,"Zabour, Miss. Hileni",female,14.5,1.0,14.4542,C,Did Not Survive
Dataset 2,2665,3,0,"Zabour, Miss. Thamine",female,,1.0,14.4542,C,Did Not Survive
Dataset 2,2656,3,0,"Zakarian, Mr. Mapriededer",male,26.5,0.0,7.225,C,Did Not Survive
Dataset 2,2670,3,0,"Zakarian, Mr. Ortin",male,27.0,0.0,7.225,C,Did Not Survive
Dataset 2,315082,3,0,"Zimmerman, Mr. Leo",male,29.0,0.0,7.875,S,Did Not Survive
